name,CE,AC,RO,AE,sentence_list
,,,4,,異国の地で、全く知らない人に声をかけることで、積極性や主体性が磨かれたと感じる
,,,2,,①アンケートに協力してくれた人の大多数がとても親切で友好的な人々であった
,,,2,,日本のイメージについて調査しているというと、「日本は大好きだから何でも聞いて！」と答えてくれる人も多かった
,,,,1, ②バディに意見を求めると、とても適格なアドバイスをくれたので、これからも頼っていこうと思う
,,,6,2,現地の方の質問の意図のとらえ方の違い、礼儀など、意識しなくてもできていたこともあり、新しい気づきを得ることができた
,,1,,,異文化に違いがあることを改めて認識できた
,,,4,3,また、自分が立てた仮説に関して、実際の現地の人々に調査できて、非常に有意義な時間となった
,3,3,2,2,インタビューをすること自体はある程度躊躇なくできたが、質問を追加するなどして質の高いインタビューをしようとすると、躊躇いの気持ちが生まれてしまった
,,3,,2,その壁を超えないことには仮説検証は始まらないので、できるだけ早いうちに超えたい
,,3,,3,また、バディの英語を上手く聞き取れずコミュニケーションが上手くいかないことが多かったが、聞き返したり文字にしてもらったりすることで理解できたので明日以降も正直にわからないことを伝えることでしっかりしたコミュニケーションを取っていきたい
,,,4,2,フィールドワークにおいて、街頭インタビューという形で見知らぬ人に英語で話しかけるという活動は初めてで、30人以上の人に話しかけることができたのは自分にとって成長を感じられる経験だった
,,3,3,2,一方で、学生バディとのコミュニケーションがまだまだ足りないと感じたので、拙い英語でも積極的にコミュケーションをとっていきたい
,,3,,3,今後の仮説検証において、的確なインタビューは必要不可欠なので学生バディとも協力しながら、質問項目の質を磨いていきたい
,2,3,4,,インタビューをしているときに、言語の壁はどうしても感じてしまうことがあったが、まず話しかけるということは異文化理解の第一歩になると感じた
,3,,4,3,自分の苦手なこと（今日の内容で言えば、知らない人に不得意な英語で話しかけること）に対して、躊躇う気持ちを抑えて積極的に取り組めたのは今までの自分から大きく変わったところだと思う
,,2,3,2, 一方で、内容はついてきておらず、毎回バディの子に補足をしてもらったり通訳してもらったりしていた
,,4,,,つまり、気持ちはあるが実力が伴っていない状態にある
,,,,3, このあとの日程でどれだけ英語の実力をつけられるかが大事だと感じる
,,1,,,マレーシア人は、相手の細かいところを褒めるなど、日本とはコミュニケーションの方法に違いがあることが分かった
,,2,2,,また、アンケートにも気さくに答えてくれるなど、人間性も明かる人が多いことが分かった
,,4,,5,日本でも相手を褒めモチベショーンを上げることは有効だと思うので、私も身に着け、より深いコミュニケーションが取れるように努力したい
,,3,4,2,街頭アンケートを英語で行うというミッションの中で、現地の人とコミュニケーションを図り、想定していた質問だけでなくそれ以上に会話の深堀ができた点に関して非常に達成感を感じた
,2,3,3,3,今後、異なる国の人とコミュニケーションをとる機会において、積極的にいけると感じた反面、自身の語彙力・リスニング力の欠如が更に露呈したので隙間時間を見つけて勉学に励む
,,,6,,アンケートを通じて、自分が全く意図していない受け取り方をされることがあるということがわかった
,,5,6,,推察の観点で、相手とのコミュニケーションにおける「決めつけ」を持ってはいけないと感じた
,,,,3,今後は、その点に気を付けて質問項目を設定しようと考えた
,,,,3,多角的な視点に基づいた思考・・・アンケートを収集する際に、民族を一定の比率に揃えて一部の視点に留まらない答えを収集しなければならないと思った
,3,3,4,,対象を見つけたら5秒以内に声掛けをするなどのルールを最初に設定することで半強制的に自分を行動させ流れを作ることができ、自分の心理的障壁を和らげることができると感じた
,,3,2,,バディによって活動が大きく変わることを改めて実感した
,1,,4,2,私が３０人を突破して一息ついていたときに、「あの人たちに声をかけてみよう」と言われて少し驚いたが、最後まで二人で目標をもって頑張れた
,,4,4,,また、質問中に「私も日本との違いを知りたいので、同じ質問をあなたにも答えてほしい」と言われたときは、文化の違いに驚いた
,,,,2,私も普段からもっと周囲に関心をもって過ごしたいと感じた
,2,,2,,協力的なバディや回答者ばかりではないことを痛感した一日だった
,,,4,,しかしその方がこちらの意思の伝達方法・質問・指示などをさらに工夫し、新たに挑戦する機会でもあった
,,2,,2,良かった点としては、会社に訪問できた点
,,2,,2,反省点としては、会社に訪問することにフォーカスしすぎてしまった
,,2,,3,良質な質問を投げかけることができなかったので、しっかりと聞きたい情報を落とし込んで、アンケートを実施していけたら思う
,,,5,3,"私は”Action  Star”というよりは""Deep Thinker""であると自覚しており、""Action Star""になる気持ちで行動し、昨日より積極的に様々な人に話しかけることができたが、その中でも""Deep Thinker""になりそれまでの行動を顧みる時間があった"
,,5,,4,"このことから、""Action Star""になる気持ちを持ち続けることでバランスよく行動できるのではないかと感じた"
,,4,,3,フィールドワークを進めるにあたって、学生バディと目的を共有したうえで活動に移すことができたので、30人以上の方から有効回答を得ることができた
,,,3,2,また、インタビューについても英語で話しかけることに慣れてきたので、今後の仮説検証においても積極的に情報収集できるようにしていきたい
,,4,4,,研修冒頭でグループ割があったが、私はAction Sterのグループになったが、その長所をなくすことなく、車の両輪になれるように自身の行動を今一度見直す機会になったと思う
,,3,,3,自分のできないことは、必ずしも全部自分で克服しなくてもイ、特異な人に頼ることも重要だと気付いた
,,3,3,3,（インタビューをする中で、バディに先に質問の意図や意味を説明しておいたおかげで、バディが質問の深堀りもしてくれてとても助かった
,,,3,,自分でそこまでやることはそもそもの英語スキル的に厳しかった）
,,5,,3,バディによって、得意不得意があるため、仕事の分担やコミュニケーションの方法を変えるべきだとわかった
,,,6,3,また、マレーシアにも言語の壁の意識を持っている人がいるので、質問の方法を臨機応変に対応することが大切だとわかった
,,3,3,2,フィールドワークにて、質問項目だけで留まることなく、日常生活の会話や、保険への加入の有無等を聞くことができたのでプラスアルファ気づきが得られたという点に関しては良かった
,,,3,3,今後どんな場面でも会話を広げるという観点において非常によかったと感じた
,,3,,3,その場でフィードバックをもらうことで、即座に言動を修正して対応できるので、良いところや悪いところをバディに確認しながら活動するべきであると気づいた
,,,4,4,また、数をこなすことも大切だが、考えたうえで行動することで学べることも増えるので、明日から意識しようと考えた
,,,2,,本日はバディにとても助けられた一日であった
,,,3,,鋭いアドバイスや英語のフォー、外向的な性格等全てがパーフェクト
,,,,3,恵まれたバディでなくても、よい活動が行えるよう、明日からも前向きに頑張りたい
,3,3,4,3,集団の前で発表などをすることはあまり好きではなかったが、本日のディスカッションの時のように拙いながらも発表を行うことで、今後の改善点がみつかると感じた
,,,,2,今後の研修においては積極性を意識していきたい
,,2,,,マレーシアと日本の違いをさがそう、というディスカッションでは思いのほか違いを見つけることが難しくて驚いた
,,6,,,おそらく、数十年前であれば歴史的にも文化的にも違う部分がたくさんあったと思うが、両国とも近代化・グローバル化し様々な形態がうまれており、一概に”これ”という定型がなくなっているのではないかと感じた
,3,,3,2,「相手の話を中断してしまう」・「自分の質問は他の人の仮説にはあまり関係ないのではないのか」と考えてしまい、プレゼンテーションにおいてはあまり積極的に質問等をすることができなかった
,,,,3,明日は自身の仮説検証のためにもガツガツ行こうと思う
,,3,3,,相手に伝えることの難しさを痛感した
,,,1,3,自分のイメージ通りに、相手に伝えるには、グラフ等を用いて、相手の立場に立って伝えるようにしたい
,3,3,4,3,バディと会話する中で、初日は自分の会話スキルを上げるためという目的が先にあって会話を試みていたが、今日は純粋にマレーシア人そしてバディ個人がどのような考えを持っているかを知りたいという気持ちで会話をすることができたので、少しは会話スキルが上がったのだと思う
,,,,3,今後も自発的に様々な人に質問することでマレーシアに対する理解が深めていきたい
,,3,2,3, また、今日までのワークで改めて仮説を多少変える必要があったので、早め早めの行動を心掛けたい
,3,,,2,午前中のレクチャーでは、相手の話を聞くことに精いっぱいになってしまって自身の用意した質問をすることができなかった
,,,,3,今後の企業訪問では、聞きたいことを明確にして質問できるようにしたい
,,3,,3,また、午後のディスカッションでは議論の進め方やタイムマネジメントについて改善点が残ったので、次回は意識して取り組みたい
,,3,3,2,午前中のアンソニーさんのお話のなかで自身の仮説に基づいたお話になったタイミングで質問をすることができてよかった
,,3,,3,しかし、さらにわからないことを深堀りすることができなかったので明日以降はできるように活動したい
,4,,4,,ディスカッションをする中で、昨日までの英語を話すのが怖い、という気持ちではなく、英語を頑張って話して相手に伝わると嬉しい、という感情を感じられたので、ひとつ自分の中で変化があった日だと思う
,,3,,,プレゼンテーションの際など、質問を多く出し、内容を確認することで自分の理解を深める大切さを学んだ
,3,,3,,学生との話においては、話したことのない人でも気兼ねなく英語で話せるようになり、英語で話すことへの壁が低くなってきたように感じた
,,,2,,本日は非常に反省点を多く感じた日だった
,,3,,,具体的には２つ
,3,2,,3,一点目に関しては、アントニーのプレゼンの中で英語についていくのが必死だっただけでなく内容も理解できずにおいていかれたと感じることがあったので、今後はそこに対して事前準備を怠らないように心がける
,,4,4,3,二点目に関しては、英語のディスカッションの中で、異文化同士のやりとりの中で自分が進めたい方向性と相手が進めたい方向性に差異が生じたときに軌道修正は図れたと感じる一方、ひとつのトピックに対してより深堀りした意見を皆に求めてまとめることができなかったので次回以降はより具体的な話に落としてイメージの共有をしっかり図れるよう心掛ける
,,,,2,プレゼンテーションの際に、メモを見ながらの発表になってしまった
,,,,3,次回からは内容をある程度記憶するなどして、発表の際の間や聞き手の反応を気にするなど、余裕のある発表を行いたい
,,,,5,この点に関してはアンケートにも応用できると考える
,,,2,,昨日のフィールドワークにおいて、「アンケートを取る際に、メモを見ながらでは自信がなさそうに見える」との注意を受けた
,,,,3,プレゼンに限らず、人前で話す機会は多いと思うので、意識していきたい
,,,4,2,アンソニーさんに質問ができなかったが、集団の前で発言するのが苦手な癖が出てしまった
,3,,4,,日本語で話す分には、大学生の時に苦手を払拭したが、英語となると今日躊躇ってしまった
,,3,,4,大学生の時にその癖を変えられたので、この研修でも前向きに変えていく
,,,3,2,積極的に質問をすることができて有意義であったと感じる
,,5,,3, 今後は行動を起こす際の閾値を下げていくとを意識したい
,,,1,,質問をして、相手の回答に対してまた何か質問をするということを意識した
,,3,4,,そうすることで、受動的に聞くのではなくて考えながら聞くということができると感じた
,,,,3,質問するだけでなく、相手の回答をまとめたり、簡素化して確認したりもできるようになりたい
,,3,3,3,積極性は意識していたので自身の仮説につながるようなことは明らかにできたが、質問の際、一回もらった回答をノート上でまとめて自身の仮説に照らし合わせててやっと次の疑問点が出てきたりしていたので、頭の中で組み立てて即座に効率的に質問ができるようになりたいと思った
,,3,3,3,あらかじめ質問を作成したうえで、取り組めたので非常に有意義な時間となった
,,,3,2,同時に、興味がある点や深く知りたい点を理解できたので、良かった
,,,3,,今日は、協力することの重要性を非常に認識した一日だった
,,,,3,事前準備、事後報告において協力することで数倍の情報量になるかと思うので、その面で自分は力を発揮できればと思う
,,3,3,3,午前中は、自身の仮説に関して考えをまとめ、周囲の仮説も知ることができたので、仮説をブラッシュアップしていくうえで有意義な時間をつくることができた
,,3,2,3,午後の企業訪問では、用意した質問について直接質問することができ、情報は得られたものの、相手の回答に対してさらなる質問を投げかけることができていなかったので、今後は一つの質問から複数の答えを引き出せるようにしていきたい
,,4,4,3,訪問先の企業で思ったような回答を得ることができなかったが、そこから軌道修正し、どうすればよいのかということをチーム員と話し合いながら進めることができ、今後の個人ワークの動き方が明確になった
,4,4,4,2,今日は仮説をみんなでシェアして共有したい、という提案を、みんなにして、結果として質問や相談がスムーズに進んだと思うので、メンタル的には手ごたえのある一日だった
,,,,3,仮説的には行き詰っている点があるので、いろんな人に相談したい
,,3,3,,欲しい情報を得ることの難しさを学んだ
,,,,3,調査の方法や調査対象を事前によく考えて、短い調査時間を友好的に使わないといけないと思った
,,6,,,また、保険についても、日本と違うところも多いため、同じだとは思いこまずに調査した方が良いことを学んだ
,,,2,,質問した際に、相手に理解されない場面があった
,,3,4,,文章的英語ではなく、ぶつ切りでも相手に伝わりやすい形で質問するのが良いように感じた
,,,6,3,単語が出てこない場合は、思い出そうとするよりも、簡単な英語に言い換えてみる方が周りもサポートしやすいので、今後心掛けていきたいと考えた
,,,2,2,質問への返答に切り返せなかった
,,5,4,2,理由としては、①「マレーシアでは保険の入り口が広く出口が狭い」と自身が思い込んでいたために、その前提を離れて別の視点から投げることができなかった
,,,,2,②保険の専門的な部分を英語にできなかった
,,2,,,の２点が挙がる
,3,,3,3,昨日・本日において、ビジネスマンを相手に英語を話すことへの苦手意識が強く出てしまっているので、明日のディスカッションでは恥をかくことを気にせずに前向きにチャレンジしていきたい
,,,3,2,昨日の晩から、ほぼ決定していた仮説について本日決定させることができて、有意義であったと感じる
,,3,,3,講義や集団ディスカッションでは、自分の仮説に関連深いところとそうでないところで集中度を変化させる必要があることを学んだ
,,3,,,Ngさんに教育現場と留学の話を聞いて、マレーシアで問題となるのはやはりインフレ等の経済問題なのだと思った
,,3,2,3,日本の学資保険とマレーシアの学資保険を比べて、相違点を見つけることで何か手掛かりがつかめるのではないか、とアドバイスをもらったので、違いにフォーカスしながら進めていきたい
,2,3,3,,本日は自身の仮説と関連の少ない部分については興味はなくなったりした瞬間があった
,,3,2,3,話を聞く際にはオンオフを切り替えていくのも一つの方法であると今日聞いたので今後も自身に関連する話題については変わらず積極的に話を聞いていきたいと思った
,,,3,,ビジネス場での自分の力のなさを痛感した
,,3,3,,この一週間で協力しあうことの重要性を実感した
,,4,,3,自分の強味を周りに共有することによって周りの強味を吸収できればと思う
,,3,,3,一方で常に計画性を忘れずゴールまでの一日一日を大切にしていきたい
,,,2,2,ビジネスパーソンとのディスカッションでは、自身の用意した質問について3人のうち２人に質問することができた
,,3,,3,また、会話の中で気になったことについて聞き直すこともでき、新たな情報も得ることができたので、仮説のブラッシュアップおよび今後の仮説検証活動に向けて具体的なイメージをもつことができた
,,3,,3,次週以降、本格的に個人での活動がメインになるが、仮説の内容で他の人と被る部分もあるので、企業訪問など協力し合いながら進めていきたい
,,3,2,3,今日の活動ではあえて自身で考える時間をつくり、わからないことがあればチームメンバーに聞く、確認し２週目にはどのような場所でどういった点を調査すればよいかということを考えることができた
,,,5,,気づきとしては、自分は気持ちにムラがあるタイプということ
,4,4,4,2,一週間が終わって疲れていたこと・大学内での研修ということもあって、気持ちが緩んだ結果行動もまったく起こせなかった
,,4,,3,いかに自分のモチベーションをコントロールするかの術を身に着けたい
,,,4,2,本日はディスカッション形式であったため、今まで以上に積極的に質問を行い、同期ともうまく支えあった
,,2,,2,これにより、仮説検証に関する情報をかなり得ることが出来た
,,3,3,2,また、ビジネスパーソンと明るい会話を行うことが出来、かなりスムーズに質問に入れるようになった
,,3,,3,ビジネスパーソンとのやり取りの中で会話についていけないと感じたときにノートを使った会話するなど聞けない部分に関して工夫をしてコミュニケーションを図るよう意識する
,,5,3,2,ディスカッションのなかで、自身が気づかなかった「アプリを導入するためのインフラ整備」という視点を得られた
,,3,,3,多くの人に意見を聞くことは大変重要であると感じたので、たとえ同じ質問であっても違う立場の人物に聞いてみようと思う
,,,1,3, また、予定も含めて活動を自らマネジメントしていかなければならないため、アポ取り・準備等を積極的に行っていく
,3,,5,,アンソニーさん・LIAMの時に質問できず、本日のディスカッションでは発言できた理由⇒オーディエンスが増えると周囲の目を気にしてしまい萎縮してしまう
,5,3,4,4,「正しい英語を言えない」「失敗したらどうしよう」この考えを振り切るには、ひたすら行動に移し慣れ、自信を持てるようになるしかない
,,3,,3,今までは全員での行動が多かったが、これから個人のフィールドワークが増えてくるので十分に準備をしたうえで臨みたいと思った
,,3,3,,今週からグループ活動から個人の活動にシフトしたので、自分一人でできることがグループで活動するときよりも限られているなと感じた
,,,4,3,周囲の人にアドバイスをもらったり、相談に乗ってもらうなどして自分のできることを少しづつ増やして進めていこうと思った
,,3,,,事前準備の重要性が本番でのパフォーマンスに影響する
,2,2,2,,今日は仮説を再設定する過程がかなり苦しく行き詰まりかけてしまった
,,3,,2,ただその中でも周囲に自分の考えを伝えることで、漠然とした問題点がより明確になり、再設定をすることができた
,,3,3,3,自分ひとりでは気づけないことだらけだと改めて痛感したので、気づけないことを減らしていくのはもちろんのこと、周囲を頼ることを躊躇せずに続けていければと思う
,,3,4,3,今まで自分の中で仮説を整理してきたが、午前中の時間を使って周囲の方々と互いに仮説についての意見出しができたので、自分の中で今後の仮説検証についての動き方や課題点については把握することができた
,,3,,3,ただ、仮説検証の意義については自分の中で整理ができていないので、まずは自分の中で整理したうえで周囲の意見を仰いでいきたい
,,4,,3,今後の動き方は一日一日が非常に大切になってくるので、常に自分の動き方を見直し、適宜軌道修正できるように周囲とも上手く連携しながら活動に臨みたい
,,3,2,3,今日の活動のなかで、仮説検証をするうえで必ずしも企業訪問をしてインタビューをする必要はなく、企業向けにEメールを送るなど時間を有効活用して進める方法もあるということを学ぶことができた
,,,4,4,午後のレッスンで、日本の保険について難しい質問が飛んできたときに、英語で説明するチャレンジをできたのは今までの自分と比べて成長した点と思う
,,2,5,,が、午前の考察については、自分で考え込む悪い癖が出てしまった感がある
,,,3,2,今回は、一度しかいない機会なので、仮説検証にあまり関係のない話も積極的に質問を行った
,,,4,2,それにより、自分の仮説検証にもつながる情報が得られた
,,3,,3,また、仮説検証へのスケージュールも立てられたため、適宜修正しつつ、進めていきたい
,,,3,2,話を理解するのが難しい中で、その中での工夫ができなかったのが反省点
,,3,,3,事前準備をしっかりすることで、話の内容をなんとなくでも理解できれば、そのあとの質問だったりにつながったと思うのでそこを次以降はしっかりしていきたい
,,,,, 
,,,2,2,企業へのアポ取りに関して、電話を数本かけた
,,,2,2,その中で、メールにてコンタクトするように指示を受けたので、1社に送信した
,,3,,,返信に時間がかかる可能性があるが、メールでの連絡も選択肢になりうると感じた
,,3,,3,知りたいことについてメールで完結できる場合は、質問票のような形でアポ取りと同時進行しようと思う
,,,,3,明日も引き続き、必要な機関にメールを送り、電話をかけようと思う
,,2,3,,自社や保険への知識が不足していると痛感
,,,3,3,「自分の会社くらい、自分の仕事くらい」の知識は持たねばいけないし、明日からのフィールドワークに向けて最低限対応できる準備は必要
,,2,,2,アンケートは計画通りにとることができたが、大学へのアポは電話をしたもののとることができなかった
,,,,3,一度無理だと言われても、すぐにひかずに、どうにかして繋げられるように努力をしようと思う
,,,3,,今週に入ってから事前準備の大切さを痛感をした
,,,3,3,アンケートを実施するにしろ、企業訪問を行うにしろ、自身の最終ゴールを見据えていないと意味のない一日になってしまうと感じた
,,3,,,大人数で行動すると効率が悪くなる
,,,,3,また、事前に質問を考えてするべきであった
,,4,4,2,これまで日常会話をバディと行い、自然とできるような気がしていたが、今日仮説の説明をするときに自分の思いや優位性など、さまざまな部分を上手く言葉に落とし込むことができなかった
,,3,,3,今日明日で急にできることではないので、そのような部分は事前の準備でカバーしなければならないと痛感した
,,3,,3,仮説検証のインタビューをするにあたって、事前にバディに活動目的について伝えることができ、バディを巻き込みながら活動の準備をすることができた
,3,3,4,2,しかしながら、実際にモールに行って調査を行っても、「保険」という言葉に拒絶反応を示してしまい、回答してくれる人が少なかった
,,,,3,本日の気づきとして、調査する際にアンケートを使って回答してもらうなど、調査方法の工夫が必要だと実感したので、明日以降はアンケート式で調査するようにしたい
,3,3,,3,バディとの関係を振り返ると、積極的にコミュニケーションをとって互いに高いモチベーションで臨むことができた
,,4,,4,バディとの良好な関係は仮説検証にとって非常に重要なので、今後もバディと良い関係を作るれるように自ら積極的に話題を提供していきたい
,,,,, 
,,3,,2,企業訪問の時には事前にできる準備（行く人同士での質問のすり合わせ、訪問先企業の下調べ）を怠ってしまった
,,,4,3,相手の時間もいただいているを意識をもをもち、今後の活動に活かしていきたい
,,,3,2,今日は進捗といえる進捗がなく、反省点だらけの一日だった
,,,4,,jetroについては、とりあえず誰かがアポイントを取ったからそれに乗っかろうという気持ちがあり、甘えだった
,3,3,4,2,有意義な時間にするためには、事前に行くメンバーで擦り合わせて、質問内容を先方に伝えるべきだったと思うが、乗っかっている肩身の狭さから自発的に行動することもできなかった
,,3,3,4,（斎藤君の時間が余ったら質問させてもらおう程度の気持ち）明日以降は、自分自身で行動できるように成長したい
,,4,3,,マレーシア人は、自然が好きであり、私が思っていた以上に環境意識が高いことが分かった
,,6,6,,初めからマレーシア人は環境意識が低いと決めつけずに、調査を行ったから得られた結果であり、ステレオタイプを持たない大切さを学んだ
,,3,,3,時間の有効活用の観点から前持った質問を考えていくことが必要だと感じた
,,3,,,限られた時間の中でバディの有効活用の必要性を考えさせられた
,,,,3,学生バディの知り合いに生命保険業界の関係者がいたため、メールにて質問を行うことができた
,,,,3,バディやアンさんの知り合いにアプローチするのも良いと考えた
,,,,3,電話・Eメール・知り合いなど、あらゆる手段でコンタクトを取るべきだと思った
,,5,6,3,バディの意見は貴重であるが、やはり偏った視点（世代・民族・宗教）になってしまうため、多様な立場の方に聞いた上で仮説のターゲット定めたい
,,,4,,初めて単独で行動したことで、自分の弱点に気づくことが出来た
,,3,3,,話初めるまでの時間や、タイムマネジメントに難があると感じた
,,,,3,同じアンケートでも警備員が多いところでは、口頭でやるであったり、質問を短くするであったり、もっと工夫しようと感じた
,,4,,,とりあえずやってみる、ということも大切だが、もっとうまく行動できるのではないかと感じた
,,,2,2,セキュリティへの対策のために質問のみをスマホに打ち込み、回答をノートに記入するようにした
,,3,,2,質問も簡潔に伝わるし、時間の短縮にもつなげるこしつ できた
,3,,3,,しかし、セキュリティーの目を気にしすぎて声をかけるのに躊躇してしまった
,,,,3,捕まってもいい勢いで声をかければよかったなと思った
,,,,3,相手に上手く伝える工夫をしなければならない
,,,,3,まずは自分の結論を述べる
,,,,3,そのあとに補足説明を実施するなどの工夫を行う
,,5,,,今日最大の収穫は、自分が知りたい情報や自分の目指すゴールをバディと共有することの重要性である
,,4,,3,自分が何を知りたいか、自分が何を理解できていないかをバディに伝えることで情報・理解への近道をバディが提供してくれた
,,,4,4,単にアンケートの協力者としてバディを活用するだけでなく、そのような形でこれからも情報を取得できればと思う
,,3,,2,午前中は、午後のインタビュー活動に向けて事前に準備していたアンケートをもとに学生バディと戦略をたてることができた
,,3,,3,自身が用意した質問項目についてバディからアドバイスを受け、アンケート項目のブラッシュアップを行うことができたので、午後の動き方を把握したうえでインタビューに臨むことができた
,,3,,3,午後のインタビューでは、用意したアンケートに沿って活動したが、掲げていた「50枚の有効回答を得るという目標」については、28枚の結果にとどまり達成することができなかった
,,2,3,3,しかしながら、準備した質問項目について回答を得ることはできたので、有意義なインタビューだった
,,,,3,今後はインタビューから得られた結果を分析し、中間発表に向けて準備を進めていきたい
,,4,,3,学生バディとの付き合い方について、共通のゴールを共有することでアンケートをとるときに分業しても有効な回答を得ることができた
,3,,4,3,バディとのコミュニケーションの方法もかなり理解し、初対面のバディとも早く仲良くなり、気兼ねなく意見を求められるようになった
,,,3,2,また、とても込み入った内容まで話せる関係を築けるようになった
,,,4,3,アンケートに関しても、バディに頼らずとも、臆することなく知らない人に話しかけられるようになった
,,4,,2,一つのミッションをしっかり共有したうえで今日したいことを伝えられたのがしっかり動かせた要因だと思う
,,3,,3,中華系マレーシア人に対象を限定しているので、中華系が多いモールでフィールドワークを行った
,,,2,,その際に、ツインタワーやミッドバレーに比べて、英語を理解できない方が多かった
,,3,,3,そのような状況においては、二手に別れるよりバディと連携することに方が重要になると考えられるので、今後のフィールドワークでは、事前に「英語を話せない人には通訳して」と伝えようと思った
,2,,,,トラブルは、それはそれで楽しかった
,,,,1,仮説へのアドバイスを頂いたので本日練り直します
,,,4,3,午前の結果を受けて、午後の軌道修正をできた点は俊敏性が磨かれたと感じる
,,4,,3,大学の留学センターの方との対話の中では、相手にとって有益な情報をこちら側から提供することで時間をとってもらうことができた
,,4,3,,自分が欲しいときは、相手に与えるという考えがとても重要だと改めて感じた
,,3,,2,午前中からお昼過ぎまではTARC内でのアンケートの準備をしていたのでバディとも連携を取りながら協力して進めることができたが、午後に関しては資料の作成を進めない限り次にやるべきことが見つからないため、集計作業や資料のまとめに取り掛かった
,,3,3,3,その時において、バディのやることがなくなってしまい、もったいない時間になってしまったので次回から無駄のない時間にするよう、事前準備や一日にやることハッキリさせてから取り組もうと思った
,,,2,,英語で自分の仮説に対して説明をした
,2,,4,,英語を使うことに抵抗がなくなった
,,6,,,本日最大の気づきは、常に疑いの目を持つことの重要性である
,,,4,,普段から上司等に言われていることであるが、今日の東京海上への訪問から初めて実感することができた
,,,,5,日本に戻ってからもこの思考を大切にしていきたい
,,3,,3,今日は当初プレゼンの準備にあてる時間を多くとろうと思っていたが、自身の聞きたいことが残っていたので、午後ショッピングモールにヒアリングをしに行くことにした
,,4,4,3,当初の計画を修正して自身で軌道修正できたことは、先週の自分と比べると成長を実感できた
,,4,,3,午前中は、バディと午後の活動の準備としてアンケート項目のすり合わせを行い、目的を互いに共有することができた
,,4,3,3, インタビューでは、質問項目をアンケート形式にまとめて相手の時間を極力奪わないようにできたので、効率的にヒアリングできた
,,3,3,3,また、相手の答えの意味が分からなかった時にためらわずに聞き返すことで、粘り強くヒアリングすることができた
,,3,,5,断られることに慣れることで、日本に帰ってからも活かせると感じた
,,,5,3,具体的にはお客さまに断られたとしても次に向かうメンタルが作れるようになったと感じた
,4,,4,,全体での振り返りでも話したが、研修開始当初に比べて精神的なタフさがついてきたように思う
,,,5,4,（単純にマレーシアに慣れたというだけかもしれないが） さらなる成長のため、自分の弱点であるやる気のなさを克服したい
,3,,4,,セキュリティを恐れて、ショッピングモール内で人に話しかけるのを躊躇うこともあり、緊張もしていたため、今までは顔が強張っていた
,,3,3,2,しかしながら、初めての人と話すことに慣れてきたため、積極的に自分から初対面の人に笑顔で話しかけられるようになってきた
,,3,4,2,突撃訪問の中で、事前の質問だけでなくその場で英語で質問できたのは成長だと感じた
,,,,,
,,4,4,,初日と比べてフィールドワークにおける活動量や積極性が増した
,3,4,4,2,声かけをする際に、躊躇しなくなり少ない時間でもより多くの人にアプローチできるようになった
,,,3,5,今後は、声かけだけでなく質問等の際にも躊躇をなくすよう心掛ける
,3,,,2,企業訪問をバディと行ったが、行動におこすと結果はともあれ晴れ晴れした気持ちになる
,3,3,3,,しかし、明日のプレゼンはすごい憂鬱でその理由としては英語を集団の前で上手く使えないことが起因している
,3,3,3,,プレゼンテーションにおいては、スライドの確認を怠ってしまったことでミスが発生し焦ってしまうことがあったが、全体としては及第点であったと思う
,,,,4, より説得力・納得性の高いプレゼンテーションを構築するために来週以降頑張っていきたい
,,3,3,,今日は自分に足りないものを実感して、最終週の課題を見つけるきっかけとなった
,,,3,3,最後は、後悔のないようにやりきります
,,3,,2,プレゼンの内容については自身の仮説においてさらに調査するポイントを割り出すことができた
,,,,3,月曜日からそれらを更に調査していこうと思う
,,3,,1,また、周囲の人の発表を見てみると皆、参加者を見ながら発表を続けており、自分はスライドなどを読みながら発表をしていたのでそこは周囲を見習おうと思った
,,3,3,,相手に伝えることの難しさ
,,6,3,,自分の観点とは違う観点からの気づき・指摘を得たことは非常に大切であったと感じる
,,3,3,2,本日の英語でのプレゼンが終了し、日本語でプレゼンをする場合にも気を付けなければならないことに気を付けられていなかったことは非常にもったいないと感じた
,,3,3,3,例えば言葉の定義や統計方法の詳細については自分を含めた多くの人が指摘されており、せっかくの質疑応答の時間がそこに使われてしまったのは勿体無く防ぐべきであった
,,,3,3,今週末のプレゼンにあたってはそのような勿体無いミスは徹底的に無くしていきたい
,,4,3,,中間発表では自身の仮説について具体性やビジョンが不足していると実感した
,,,,3,周囲からのアドバイスも参考にしながら、最終発表に向けて良い準備を射ていきたい
,,,4,,一方で、英語で大勢の前でプレゼンをするという経験ができたのは自分にとっては貴重な経験となった
,2,3,3,3,緊張もしたが、要所では聴衆とのアイコンタクトを意識して発表できたので、プレゼンの仕方の面では自分のベストは尽くせたと思う
,,,,4,最終発表では、プレゼンの仕方も含めて中間発表をはるかに上回る成果をあげられるように一日一日を大切にしていきたい
,,3,,,中間プレゼンを終え、今の自身に何が足りていないのかをビジネスパーソンの方のコメントから認識することができた
,,3,,3,来週は自身の穴を一つずつどうすれば解決できるのか、さらに最終プレゼンに向けてタイムスケジューリングをどうするのかを意識して活動する
,,3,3,,うまく伝わったかはわからないが、自分の伝えたいことが伝わるようにプレゼンに流れをつけられたと思う
,,,2,,よい練習になった
,,,5,,プレゼンテーションの際に緊張してしまうことが多く、今回はその中でも落ち着いてプレゼンテーションを行い、積極的に質問者と話すことが目標だった
,2,4,,3,しかしながら、とても緊張してしまい出来なかったため、来週の発表の際には、場の雰囲気などをうまくコントロールすることにチャレンジし、落ち着いて話せるようにしたい
,,3,,3,実際にプレゼンをしてみてフィードバックをいただいて自分の中でも改善点に気づけたので来週はそこを徹底的に潰しにいく
,,3,,4,また、本番のプレゼンに向けた資料作成の仕方や載せる内容にも多々気づけた点があったので他の人の良かった点を参考にしつつ最高のプレゼンを作る
,,,2,,プレゼンの際に、発表のなかで伝えられないことが多いことに気づいた
,,3,,,自分では理解できていても、それを相手も理解できる形で伝えなければ共有できない
,,4,,4,アルパスグローバルでも「相手に自分の考えを伝える」という点に課題があったので、来週一週間で行動変容と改善をはかりたい
,,,3,,論理的思考が苦手であるのは前々から自覚していたが、プレゼン準備及び、他のプレゼンを見て改めて痛感
,,,,3,自分で穴は埋めた上で得意な人に見てもらうようにする
,,3,,4,また、仮説検証以外でも具体的に物事を考える癖も意識していき、より的を得たアウトプットをできるようにしたい
,,,4,3,初めてノンアポで会社を訪問し、断られてしまったが食い下がることができた
,,3,4,3,結果として、会社訪問は出来なかったが、近隣のレストランにいたその会社の社員に声をかけほしかった情報を得ることが出来たので、積極性を向上させることが出来たと感じる
,,6,,6,今まで漠然と「中間層」をターゲットにしていたが、果たしてマレーシアでいう中間層が留学の対象となるのかどうかということに疑問を抱き、その前提を考え直してみたい
,,3,,3,学生を対象とした時、いつもアンケート用紙を作成し、埋めてもらって回答を集計していたのだが、全体のフィードバックの時に、さらに深掘りしているという案をきいて、更に情報を集めるためにも参考にしようと思った
,,,4,,自分の力量のなさをしれたことが成長
,,3,,,今日感じたのは、先週の段階でアンさんにアドバイスを貰っていればよかったということである
,,4,3,2,自分で先に考えて進めてしまった結果、訪問すべき企業であったり仮説の前提であったりという部分でのミスが生じてしまった
,,,,3,このようなミスは無くしていきたい
,,,4,2,一方で、自分からアンソニーさんにアポを取ることができたのは一つの収穫である
,,4,,3,これからも色々な人に適切なタイミングで頼っていきたい
,,3,,3,仮説検証の準備に際して、バディにしてもらいたいことを伝えてバディをリードすることができた
,,3,4,3,またインタビューに際して、自分が行きたいところをバディに伝え、自ら率先してインタビュー活動を実施できたので自身の成長を実感できた
,2,4,4,3,学生バディをマネジメントしながら有益な情報をより多く得ていくことに対して、抵抗なく実践できるようになってきたので自分が「できる」と感じることが増えた
,,4,,5,今日一日を通して、終始学生バディをリードして自身の活動に専念することができ、この経験は日本に戻ってからも実践できることだと感じた
,,3,4,3,企業訪問で狙った情報を手に入れることができなかったが、そこから学生バディに知り合いのエージェントはいないか情報を求めてその場で次の行動に移すことができ、柔軟に対応することができた
,,,6,4,今日は自分の色眼鏡を外してマレー系の人に話を聞けたという点では得るものがあった
,4,,5,4,が、だんだんアンケートにも慣れてきてコンフォートゾーン内の行動になってきて、新たな壁にチャレンジする気概が減って気がするので、チャレンジする気持ちをもう一度もちたい
,,,2,,バディとプレゼンテーションの詳細な情報を調べたり、今後の調査方法について考えた一日であった
,,4,4,4,詳細な情報については一通取れてはいるものの、同期やバディとの会話から、研修終了時の目標にたどり着くために、企業への訪問や電話などにチャレンジをするモチベーションを得た一日であった
,,3,3,2,突撃訪問に失敗して有効回答を得られなっかったので限られた時間の中で仮説検証を進めていくためにも時間は無駄にできないのでそこは反省点だと感じた
,,,4,,初のアポなしの企業訪問を行った
,,3,4,3,アポなしだったこともあり、深い部分までは確認できなかったが、それでもいくつかの有益な情報が得られた
,,,5,,コースに参加する以前の自分ならば行わなかったと考えられるので、目標である「行動変容」の点で、進歩の一日であったと思う
,,,,4,明日以降も自分自身の行動変容を心掛けて行動していきたい
,,,3,2,本日のバディを上手く活動に生かすことができなかった
,,3,3,,英語で相手の行動を否定して止めさせることは難しい
,,,,2,今日は求めていた情報を得ることは殆どできなかった
,,3,3,2,しかし、頭の中でプレゼンの構成を練ることができたので、その点はよかったと感じる
,,3,,,今日はバディと質問担当と回答のメモ担当と役割を分けて調査を行った
,,3,,3,自分の役割に集中できるので追加の質問をしたり自分の中で話を組み立てながら理解をすることができた
,,2,2,2,また、バディはメモ担当だったが、自分が質問に詰まったり、質問が飛んでしまった時などに補助してくれたり更に深堀をしてくれたりした
,,4,4,,行きのバスやご飯などで時間をかけて関係を築いていったので信頼関係が深めたうえで調査に挑めたのかなと感じた
,,3,,,仕事が上手くいかないときの、軌道修正方法
,,,3,,今日は全くと言っていいほど、何もできなかった
,,,4,,今日は一週間考えてきた仮説を修正しなければならないという試練の日になった
,,4,3,,ただ、その原因はマレーシアの保険環境を正しく理解できていなかった自分にあり、もしアドバイスを詳細に乞うことが事前にできていれば時間のロスを防げたと思うので非常に反省している
,,,,3,アクションを取らなければと感じた日であった
,,3,,3,インタビュー活動では、どこで誰にインタビューしたいのかをバディに伝え、目的の場所でアンケート調査を行うことができた
,,3,3,2,結果として、自身が目標としていた枚数には至らなかったが、最近のインタビュー活動のなかでは一番多く枚数をとることができたので達成感を得られた
,2,3,4,3,また、インタビューを断られても諦めずに交渉を粘ってみたり、すぐに次のターゲットを探すなど、タフさが備わってきたと感じた
,,3,,3,最近は企業訪問をすることが多く、アンケートをとる機会がなかったがこれまでの経験から質問項目がどういったものならば良いか考え、狙った層から集中して回答を得ることができた
,2,,4,,今日は自分の当初の目標に掲げていた、アウェイな環境でも怖気づかずチャレンジングに行動するという壁を一回越えられた日だったように思う
,5,4,5,4,ノーアポ企業訪問なんて迷惑だろうしあり得ない、と考えていた自分がずっといたが、このままでは日本にいた時と変わらないと思い、思い切って行動に移して成功体験を得ることができた
,,4,5,,（一緒に行動していた世良さんの存在も大きい） 毎日この変容が続くかといえばそうではなく、ここぞというときだけだとは思うが、今日の経験を大切にしたい
,,3,3,3,バイオマス発電所に伺い中には入れてもらえなかったものの、粘り強く外で待ち、出てきた人にインタビューすることに成功した
,,,4,,これにより、積極性とアグレッシブさが成長したように思えた
,,3,,3,突撃訪問ではなくアポイントメントをとったうえで訪問できたかったので聞きたかった内容を漏らさずに聞くことができた
,,3,,2,また、自分の仮説も聞いてもらうことができアドバイスをいただけたのでそれを参考に本番に向け資料作成を行う
,3,,,3,また、バディとの会話や企業の方との会話も徐々に一回で理解できるようになってきたのでより積極的にコミュニケーションを図りたい
,,,2,,3社を訪問した
,,5,5,3,必ずしも有益な情報を得られたわけではなかったが、「行動する前に考えすぎてしまう自分」から変容しつつあるように思う
,,,,3,明日は、本日アポを取ることができたチューリッヒに訪問し、午後は情報の整理に充てようと考えている
,,,4,4,明日以降も本日のような充実した時間を過ごし、行動変容を実行していきたい
,,,5,,英語を話す際の心理状態が周囲に影響されてしまう点
,3,,5,,一人で話す時は前向きに話せるが、知り合いの目が合ったり自分より上手く話せる人がいると急に後ろ向きになって話せなくなってしまう
,,3,4,3,今日は一時間ほど人のアンケートを手伝っていたのだが、他人のアンケートということでどうしても時間内に集めなくてはならず、いつも以上に気合を入れて、最初の声掛けの方法なども変えた結果、想定以上に早く集めることができ、行動変容させることができたと感じた
,,,,3,今日は分析に力を入れ、複雑な計算等もバディに協力して意見をもらうことができた
,,3,,,自分は何をやりたいのか、何を手伝ってもらいたいのか、ということを明確に伝えることで積極的に手伝ってもらうことができるのだと感じた
,,,3,2,企業訪問にて斉藤さんと一緒にAIAに行ったのだが、彼の行動力に圧倒された
,,4,3,,企業訪問自体は予約を取っておらず、満足のいくものではなかったが、行動力、企業訪問のノウハウなどを学ぶことができた
,,,,3,残り1日となったが、最後まで全力で挑めるようにするためにも彼の粘り強い姿勢を見習って取り組んでいこうと思う
,,,4,3,昨日の失敗から、しっかりとリカバリーできた
,,,4,3,失敗を失敗のままにせず、次につなげることができた
,,3,4,3,今日のはじまりの時点で、昨日アントニーさんにアドバイスされたことをそのまま自分の仮説に持ってきてしまい、なかなか自分で納得できないものとなってしまっていたが、アンさんにアドバイスを求めたことで自分の仮説がそんなに悪くないこと、そしてその中でも修正するべき部分を確認できたことが非常に良かった
,,,5,4,目上の人に物事に関して意見をもらうとどうしてもそれを信じがちになるがしっかりと物事を考えられるようになりたい
,,,4,,企業訪問を初めて行い、ビジネスパーソンと英語で対話するという経験は自分にとって有意義なことだった
,,4,5,3,これまでもプログラムの中で設定された企業訪問はしていたが、今回は少人数で事前にアポイントメントを取って訪問したので、聞きたい情報を全て聞くという高いモチベーションで臨むことができた
,,,,4,今後も自身で高い目的意識をもって活動に臨みたい
,,,,2,午前中に企業訪問を行い、想定していた情報を取ることができなかった
,,3,,3,その修正を行うために当初の予定を変更し、行く先や情報収集の方法を変えることで求めていた情報を得ることができた
,,4,5,,活動としては、企業訪問にどんどん向かえて成長は感じられたが、逆に自分の強みのはずの思考力が活かせていなった
,3,,4,3,アンさんに意見を聞いたり、積極的にNGOなどにコンタクトを取るなど、初めから出来ないと思わずに果敢に挑戦できるようになった
,,3,3,,また、初めての相手からでも色々なことを聞き出せるような雰囲気を簡単に作りやすくなってきた
,,3,3,,バディとの議論の中で、スライドの見せ方だけでなく内容の改善点も見つかったので非常によかった
,,3,3,,議論を交わす中で、積極的に自分の意見を発信し、返ってきた答えに対して疑問に思うところはさらに深堀をして議論を深めることが非常に大事であることを実感した
,,6,,6,今週は「普段の自分とは違う行動」を心掛けて、ある種考えなしに行動してみた部分があった
,,3,3,,しかし、本日の企業訪問のように必ずしも成果には結びつかないことから、デメリットもあると気づいた
,,6,,6,思考と行動のバランスはやはり重要であることを自覚したうえで、自分に足りない「行動」の部分にフォーカスしていきたい
,,,2,,本日はバディに助けられた一日であった
,3,4,4,5,自分一人のほうが捗ると思ってしまいがちではあるが、第三者に状況を開示することで可能性は広がると体感したので、日本でも生かしたい
,,,2,,本日は主にプレゼンテーションの作成をしていた
,,3,,3, 他人のプレゼンをベンチマークすることで、自分のものの改善点などを炙り出すことができた
,,,,3, フィードバックと、ベンチマークを行い明日に臨みたい
,,4,4,3,自分の主張はしっかりした上で、バディの意見も尊重して更によいものを作り上げるという、当初の目標を今日は達成できたと感じた
,,,,3,明日がついに最終日となってしまうが、悔いなく終われるように今日この後の時間も有効に使いたい
,,,4,,今まで資料作りなどにおいては自分の力のみでやってきたのだが今日初めてバディに作成を一部お願いした
,,3,,3,自身の方向性とずれていないのか随時確認し、コントロールしながら資料作成に取り組むことができた
,,3,,,入手した情報を分析する力
,,3,,,人をマネジメントし、動かす重要性
,,,4,3,今日は事前の発表を実際の会場で行うことで、本番の雰囲気を感じられたと同時に本番までにやらなければならないことを認識できたことが収穫である
,,6,3,4,当然自分の中で多角的な視点を取り込むことは重要だが、自分ひとりではやはり限界があるので積極的に今後も様々な視点を取り入れていきたい
,,,3,,今日一日を最終プレゼン資料の準備にあてられて良かったと感じている
,,,3,,当初は、外出するか資料作成の時間にあてるかで決めかねていたが、学生バディと協力しながら資料作成をセッション内で終わらせることができたのは良かった
,,4,3,3,バディの得意分野を把握して役割分担を明確にしたことで、資料作成を終わらせることができたので良かった
,,4,,3,学生バディと良好な関係を築いて共通の目標を定めることで互いに集中して作業に取り組むことができた
,,,3,3,今日は学生バディの力を十二分に引き出すことができたと感じた
,,3,,,プレゼンの資料を作る時間がほとんどで、自分が悩む箇所があればその都度バディに自分の意見をぶつけ、フィードバックをもらうことができ、修正をかけることができた
,3,5,,,車の両輪という観点で考えると、今朝までの段階では思考に力を割けておらず、かなり焦っていた
,4,3,4,,作業も本音を言えば日本人だけで進めたいと思ってしまっていたが、いざ作業を始めてみると、バディの子のアドバイスや雑談による気分転換で、気持ちよく作業を進められた
,4,3,4,,バディの子への感謝と、最終的にうまく車の両輪を回せた実感から、充実した気持ちで準備を終えられる
,,3,4,,バディに積極的に意見をもらえるようになったり、パワーポイントを一緒に作るなど、バディとの関係の作り方において成長を感じた
,2,4,4,,また、NGOなどにも臆せずにアンケートを取るなど、積極性の強まりやコンファートゾーンの広がりも感じた
,,3,,,最終プレゼンに向けた準備のなかで、他者からのフィードバックが貴重な情報であることがわかった
,,3,,3,仮説を補強する情報だけでなく、プレゼンの改善につながるアドバイスを得るために、他者にプレゼンを見せたうえで意見をもらいたいと思う
,,4,,3,さまざまな意見をもとにして、より備え、後悔のないプレゼンテーションを行えるようにする
,3,2,3,,活動面での充実度は高いが、パワーポイントへの落とし込みができていなく焦りが強い
,,,5,,本研修で気づいたことは、一度立ち止まると自身が納得する答えを得るまで先へ進めなくなってしまうこと
,3,4,4,5,熟考は良いことであるが、本研修や普段の業務においても、限られた時間内で形にしなければいけない状況において自身を苦しめることになる
,,2,,2,プレゼンの際、資料にはこだわったのだが、話し方やアイコンタクトにはあまり気を遣う事が出来なかった
,,4,,,昨日の振り返りでもあったように、内容は大事だが人に与える印象としては、本当にわずかなのであると感じた
,,,4,,３週間の同期の頑張りを見ることができて、本当に誇らしい気持ちです
,,,5,,じぶんはやはりプレゼンなどの場では場を盛り上げたり、観客に注目してもらうことが苦手なのだなと再度感じた
,,3,2,,もちろん、そこは改善したい一方でほかの部分で補うのも方法のひとつなのだなと他の同期の発表を見て感じた
,,3,,,観衆を巻き込むプレゼンの大切さ
,,,,,最終日総括に集約します
,,3,3,2,最終発表で自身の用意したことを全て出し切れたので満足している
,,3,3,2,発表の仕方も中間発表の時に比べて良くなった点が多く、ビジネスパーソンからも良いフィードバックをもらうことができたので良かった
,,,4,5,研修を通じて「一歩踏み出す力」が身についたと感じているので、今後日本においても継続して取り組んでいきたい
,,3,4,5,自身の強みを同期の仲間から意見をもらうことができ、振り返りの時に所属に帰ってから活かす方向性を改めて定めることができた
,2,3,4,3,苦手としていた英語での発表も、無理して難しいことを話そうとせず、できる限りシンプルな言葉で伝えることができて満足できた
,2,3,4,2,プレゼンにおいて、緊張しながらも一か月で調べたことをすべて伝えきることができ、自信が付いた
,,3,4,3,また、質問等に対しても、調べた情報から的確に回答できるようになり、成長を感じた
,,2,,,プレゼンの仕方という点で２点
,,3,,,笑いを取るところとまじめに話すところをしっかり分ける
,,3,,,余計な動きをしないということです
,,,3,3,「わかりやすく伝える」というプレゼンの目標を達成できた
,,4,,2,思考に傾きプレゼンの準備ができなかった
,,,3,,しかしパワポの出来は満足
,,6,,3,"自分の慣れ親しんでいる情報を、いかにわかりやすく他者に理解してもらうかが大切だと思った
わかりやすく理解してもらうために
・客観的な目線をわすれない
・都度わかってもらえてるかを確認しながら進める
ことが大切だと思った"
,,6,,3,"・話す相手によって、言葉遣いや表現、話しかけ方を変えたほうがよい、場合によっては、詳しい説明、例を使う必要がある
・自信をもって堂々と話すことが大事
・初対面の人を相手にインタビューなどをするとき、きちんと自己紹介をして、自分の来意も説明したほうがよい"
,,3,,,インタビューをする際に、話を聞いてもらうためには、主旨を端的につたえないといけないと思った
,,3,,,また、英語が得意でない人も一定数いて、簡単な単語で答えやすい質問を意識する必要があると思った
,,,3,2,インタビューする内容を自ら考え、22人に質問できたという自分に対する気づきがあり、今後の研修に取り組むにあたり自信になった
,,3,2,,インタビューの目的や質問の数等を最初に明示すれば、快く答えてくれる人が多かった
,,4,4,,"
英語力云々ではなく、積極的にアタックする姿勢を求められていると感じた"
,,3,3,,完璧な英語を話す必要はなく、いかにして自分の伝えたいことを伝えるかが重要だということを、街頭インタビューの経験から学びました
,2,3,4,3,学生時代にバックパッカーで様々な国に行っていたこともあり、海外で知らない人に対して話しかけることにはあまり抵抗がありませんでしたが、バディにフィードバックをもらいながら活動したことで、より多様な人たちに自分のききたいことを質問できたように思います
,,3,,3,今回はとにかく多くの人に話しかけることに集中してしまったので、次回は、事前にバディと仮説についての背景や考えなどをしっかりと伝えたうえで取り組むことで、より質の高い質問をするにはどうすればいいかアドバイスをもらってから取り組みたいと思います
,3,,,,前で発表するにあたって、思った以上に緊張してしまうということ
,,,3,2,自分の英語が通じることを自信に感じた
,,3,,2,（短い質問のキャッチボールが継続できたため）
,4,3,4,,諦めないことの大切さ：連続でアンケートを断られると落ち込む場面もあったが、諦めずに続けることで少しながら達成感を得ることができた
,,,2,2,質問の作成一つにしても、相手の答えにくい自由回答の質問を多く作成してしまった
,,3,3,2,それが原因で、相手の意見が聞き取れず、インタビューが充実したものにならなかった
,,4,4,,自分の考えの浅さが自分に跳ね返ってきているように感じた
,,,,3,そのため、明日からは、質問する時、コミュニケーションを取る時には、その場面まで事前にイメージして準備する
,3,,2,,昨日より疲れを感じることが多く積極的になりきれない場面があった
,,4,,3,"
自分に適した疲労回復メソッドを持っておく必要があると思った"
,,3,3,,スピーチの時に、初対面の聞き手の名前、情報を覚えて、自分が相手を意識していることを示したほうが、相手に好感を持ってもらうことができる
,,,3,3,外国人の名前と顔を覚えるのが苦手だが、これから意識して取り組もうと思っている
,,,2,,アンケートで声をかけてみると、笑顔で返してくれた
,4,,,2,恐る恐るという要素が昨日に比べて減った
,,3,,3,インタビューの際、あえて自分に自信を持った振る舞いをすることで、前日よりスムーズにインタビューを進めることができたと気づいた
,,,5,,自信を持つようにすることで相手からの受け止められ方、印象もよくなったのではないかと思っている
,2,2,4,2,インタビューを行う際、門前払いされることを恐れず、昨日よりは積極的・主体的に臨むことができた
,,,,3,"
明日以降は回答一つ一つが仮説にどう繋がるか、今の方針を強化するために必要な設問等を適宜考えながらテーマ設定およびインタビューを行いたい"
,,3,2,,街頭インタビューで、相手の様子を見て相手に伝わっていないと感じたら、他の方法で伝える必要性と有用性を感じた
,,,3,,バディに対して昨日よりも自分の意見を言えるようになったと思う
,,3,4,,自分の考えを伝えることで、バディも意見をくれるので、自分にない観点や考え方を取り入れることができると思う
,,3,,2,プレゼンの場ではバディに助けてもらうことが多いため、次回はもう少し自信をもって発表できるようになりたい
,,3,,3,また、今日のディスカッションでは１度は質問できたものの、話に集中するあまり質問を考える余裕がほとんどなかったので、事前にある程度聞きたいことを英語で考えてから望むようにしたい
,,3,3,,フィールドワークにおいても講義においても、準備をしておけばしておくほどその場を充実したものにできるということ
,,,3,2,会話のキャッチボールができるんだと感じ自信になった
,,3,,3,相手と会話をするときは、一方的になりすぎないことが、円滑なコミュニケーションに繋がると感じ、いかなる場面でも意識すべきだと思った
,,6,3,,バディとの認識の違いを埋めるには、言語だけでなく、多少なオーバーなアクションを織り交ぜることが大切なんだと気づかされた
,,3,,3,自分の仮説のターゲットは企業だが、学生とのディスカッションを有意義にするためにはどんな質問をするべきかを考え提案できた
,3,,3,,それによってより充実した気持ちで取り組むことができた
,,,,2,マレーシア人学生とのディスカッションで、マレーシア人に対する理解を深めることができた
,,3,3,,言いたいことがあれば難しくともいろんな手段を使ってきちんと伝える姿勢がとてもよかったと思っている
,,,,4,人と話すときに自信がない点を克服し、自分の意見を積極的に言えるように努力したい
,,,3,2,１回ファシリケートにチャレンジしてみた点はプラス
,,3,3,2,聞き取りに注意することしかできず、上手く方向付けできなかったことはマイナス
,,,4,2,ディスカッションにおいて自らの意見を発信、相手の言っていることを聞き返すことや、確認をとることができたので、苦手意識が減っていることに気づいた
,,3,,3,自信ありげに話せば英語力が乏しくても伝わるケースが多いことがわかったので、伝えたいことを自分の中で明確にして臨む
,,3,3,,"
ディスカッションの場面で、相手の主張を自分の言葉で言い直して意図を確認し、正しく理解することの有効性を実感できた"
,,3,2,2,自分の仮説やこれまでのフィールドワークの結果を共有したことで、自分の考えを改めて整理することができた
,,3,,,また、自分では思いつかない観点についてもアドバイスをもらったので、仮説再考につながると思う
,,,,2,今日の議論を踏まえて、もう一度自分の中で整理して取り組みたい
,,,2,2,また、学生とのディスカッションでは、学生の発言に対してさらに質問を重ねることができ、健康診断や運動の考え方、普段の食事等についても詳しく聞くことができた
,,,,2,次回はより会話を膨らませられるようになりたい
,,6,,,マレーシアと日本では前提が違うことが非常に多いため、まずは概念くだきをすることが調査においては重要であるということ
,,4,4,2,ディスカッションは苦手でいつも議論から取り残されてしまうことが多かったが、自分の決めたテーマだからか、きちんと取り組むことができた！日本ではきっとできていなかっただろう
,,3,4,,就職活動での重視する点や働き方等に対して、マレーシアでは日本で調べる以上に明確な考えを持っていることを知り、異文化理解の一助となった
,,4,5,,・頭の中で考えをまとめて話すという自分のスタンスは、語学習得という面ではあまり役にたたないことが分かった
,,4,,4,これからの研修でどこまで自分のスタンスを変えられるかがカギになってくると感じた
,,3,3,,（リンさんのお話を聞いていて）具体的な例示をすることは相互理解のために非常に重要だと思った
,,3,4,,「一つ絶対質問する」の意味を自分の中で考えて意味が不明になっている
,,1,1,,異文化理解（Takaful）・服に対する認識
,,,,2,自ら知りたいことを整理して質問することができた
,,3,,3,"また、アイコンタクトとボディランゲージを少し意識することで相手に自分の言いたいことをわ
かりやすく伝えることができた気づきがあった"
,,,,2,企業訪問において、自分がしたかった質問を積極的にすることができた
,,3,3,,MTAでの会話にて、表情や声量、身振り手振りなどの目に見える要素がコミュニケーションの円滑化に重要だということを学んだ
,,,4,,午前中は、長田さんや長町さんに面談して頂いたおかげで、一度自分の考えを言語化して整理することができました
,,,4,,この４日間を振り返りながら、今後より良い研修にするためのアドバイスをいただき、非常にモチベーションが上がりました
,,,3,,今後も定期的に面談があるとありがたいです
,,2,,2,午後の企業訪問では、タカフルについて詳しく学ぶことができました
,,3,4,,話についていけない時もありましたが、２日目のワイホンさんとのディスカッションの時と比べると、何とかある程度は話についていけるようになったように思います
,,4,,,考えたこと・聞いたことは共有したり文字にしたりすることで頭に残り、また整理しやすくなる
,,4,4,,リーダーシップの発揮
,,,,3,プレゼンテーションについて誰かに１人に任せることなく全員でやる方向へ意識づけることができた
,,,3,,個人的にはとても満足度が高かった
,,6,4,,タカフルという日本では関心を持ちづらいテーマの講義を聞くことができ、宗教や文化の違い等に適応していくことが、企業のビジネスチャンスに繋がると感じた
,,,4,,・ビジネスに対する自分の情熱だったり、チャレンジ精神の大切さを学んだ
,,3,3,,最後の振り返りの時間でほめる力をつける必要があると思った
,,,4,,「人をほめること」は、普段なかなかできなく、チャンスを与えられたとしても最初は言いづらかった
,,4,5,,だだし、ほめた後の自分の解放感、ほめられた後の安心感が今後のモティベーションになると思っている
,,,4,,厳しい意見を頂けることはあまりないので、それほど本気で考えて下さっていることが分かった
,,,,2,今後の仮説の変更につなげたい
,,,2,,ディスカッションの際にすぐにアイデアがでないことや、アイデアが出ても英語ですぐに表現できないことがあった
,,4,,3,常日頃自分の仕事に対する価値観、日本のことに関して考えて認識しておく必要があると学んだ
,,2,,,ビジネスマンとのディスカッションにおいて、学生とのディスカッションとの勝手の違いを感じた
,,3,,,主導権を持って話せる時間が短かったので、テーマ等の予習をより念入りに行う必要があったと感じた
,,3,,2,自分の仮説をメンバーに伝える場面で、どのようにしたら伝わりやすいかを考えてから伝えることで、結果的に自分の考えをよりクリアに整理することができた
,,,4,,午前中のディスカッションでは仕事のモチベーションの保ち方やマインドセットなど、今後働くうえで大切にしたい考え方をいろいろと教えてもらいました
,,,4,,日本でもそのようなテーマについてあまり話すことがないため、非常に新鮮に感じました
,5,,,,"
また、研修が始まった日はお互いほとんど知らないメンバーで不安でしたが、この５日間でとても大切な仲間になれたように思います"
,,4,4,,午後の振り返りでお互いに自己開示できたことで、得意なこと・不得意なことについても知ることができ、より深くメンバーのことを理解できるようになれたとおもいます
,,4,4,,自分の苦手なことについて話すことにネガティブなイメージがありましたが、お互いに苦手なことを把握しておけば誰かが困っているときにサポートできるのだと学びました
,4,,4,,これまでこういった機会がなく初めての経験でしたが、とても居心地がよく豊かな気持ちになれ、今後ますます良い活動になっていくと感じました
,,4,4,,ビジネスパーソンとのディスカッションの中で、自分の考えを日々言語化することの大切さやモチベーションを保つためのマインドセットの持ち方などに気づけた
,,,3,,他者のいいところを言い合う時間は必要だと感じた
,,,,5,日本でも提案してみたい
,,3,,2,ビジネスパーソンとのディスカッションにおいて、目指すゴールを持つと持たないとでは違う部分があると感じたので、自分も意識するようにしたい
,,3,3,,・相手の話している途中であっても「わからない」アピールが重要なんだと感じた
,,,5,,自分で自分の行動範囲を無意識に限定してしまっていることを感じた
,,3,3,,（インターネットで見ている記事をただ見ているだけで、その人と直接コンタクトをとることが全く思いつかなかった
,,5,,3,）なにかに行き詰ったときは無意識にそう思ってしまっていないか、確認していきたい
,,4,3,,周囲と意見交換する時間と自分で考える時間をコントロールするスキルが大事だと思っている
,,,3,2,進度は不十分だが、アポどり・業界理解・資料作成等を着実に進めた
,,,,2,相手に質問することやそれをしっかり聞き取ることはできた
,,,3,2,相手の返答に対して自分の考えを伝えることができなかったので今後の課題だと学んだ
,,,4,3,英語を聞き取る力や話す力（勇気）については先週より伸びているかなと感じるので、明日以降も積極性をもって自分から主導権を持って話すことを意識したい
,,4,3,,他の人が話し手に対して理解の確認を入れていたのを見て、自分の中での理解を確かめられるだけではなく、相手へ自分の理解度を伝えることができることを学んだ
,,3,4,,午前中のアンソニーさんプレゼンでは、先週の企業訪問やディスカッションのおかげで、ある程度内容を理解できて少しだけ自信がつきました
,,3,3,,やはり最初に比べると、３時間英語を聞いていても最後まで集中できるようになってきたと思います
,,3,,3,エージェントが主要チャネルということだったので、アンソニーさんに連絡して何人かエージェントの方にお話を聞いてみたいと思いました
,,,3,3,また、明日以降のスケジュールを確定させたかったのですが、結局行きたいところ・やりたいことが多すぎて、明日の予定しか立てられませんでした
,,,,3,仮説が近い人も多いので、共有・分担してデータ収集できるところは協力したいです
,,,4,,目標の完遂、英語の理解などここに来る前からの成長を感じられた
,,,,3,ぜひ明日以降はもう一つの課題であるリーダーシップの発揮を意識して行動したい
,,3,,,実際に商売をしている方から、どのように現実味を持たせるのか、という観点を知ることができた
,,3,,,・相手に対し、理解度を示していくことの大切さ、「あなた、こう言ってましたよね？」と認識の共有を行うことの大切さを学んだ
,,4,,,様々なリソースを活用する大切さ
,,3,3,,うまく進められない時に、諦めず積極的に行動することが大事だと実感した
,,,,2,企業でのアポどり、実際で面談できたこと
,,,3,3,一日中自由時間ということもあり、自分で考えて行動することが重要であったが、予定通り行動することができた
,,,4,,また、アポなしで銀行の支店を訪問することもでき、行動力がマレーシアに来る前より上がっていると気づいた
,,,3,,「答えてくれそうな人」を見つける力がついてきたように思う
,,,3,2,自分の考えていることを一回で上手く伝えることができなかったが、どうにかして伝えようとする姿勢を持つことの重要性を学んだ
,,,2,3,今日は、２件の企業訪問を通して、事前に知りたいと思っていたことについてはある程度知ることができました
,,,3,,今までよりは積極的に質問できたように思います
,,,3,,アポイントなしの訪問でも、予想以上に温かく迎えてくれ、とてもありがたく感じました
,,3,,3,また、アポイントなしで行く場合は時間がかかる場合もあるため、もう少し余裕をもったスケジュールを立てるようにしたいと思います
,,,,3,明日は今日聞いた内容を活かして、インタビューしたいと思います
,,3,,3,質問項目がぶれたり聞き忘れたりすることを防ぐためにも、先方の都合のためにも、紙に落とすなどして準備することが必要である
,,3,,,自身の仮説をぶつけその感想を聞くことで、自身の仮説の補強になったと感じた
,,,3,3,ビジネスマンとのディスカッションにおいて、アイデアの発想やインスピレーションの方法について、先駆者が伝えることができるという話を聞き、そのような点も自分が吸収できる部分が吸収しなければならないと感じた
,,4,3,,・バディとの連携は、「効率的に情報を集める」という観点で、とても大切だと感じた
,,3,,3,バディと「結婚前に来ています」という設定を共有しておくことで、AIAのエージェントに話を聞く中では、さも「本当に買う気があってきています」感を出し続け、多くの情報を引き出すことができた
,,,2,,今日ほどバディに頼ってしまった日はなかった
,,3,3,3,ただバディに自分の仮説や知りたいことを事前に共有できていたからだと思うので、そこはプラスにとらえつつも自分に足りないこと（質問事項の整理、関連用語の勉強）を実践したい
,,3,4,,自分が今日の経験から「マレー人の女性と年上の女性がインタビューを断る」と推測したが、実際にそう思わない人がたくさんある
,3,5,,3,物事について規律はあると思うが、偶然性が存在するため、恐れずにためしてみたほうがよい
,,,,2,知りたいことを沢山積極的に聞けたこと
,,,3,,バディに自分の予定を伝えたうえで、想定外のことが起きた際に予定を変更して場所を変えるなど自分の意見を積極的に伝えることができたことは自分の成長であると思う
,,4,3,,ただ、バディをモチベートすることができなかったので、そこが自分の課題と気づいた
,,,3,,意思を伝えてインタビューまでこぎつける力は日に日についてきているかなと感じる
,,3,3,,今日はアンケートを断られる回数が多かったが、アンケートをお願いする時に気持ち良く答えてもらえるためには、笑顔や元気の良さなど、第一印象の重要性を感じた
,,3,,,１時間ほど使って、朝のうちにバディと仮説や質問項目についてすり合わせを行ったことで、質問の表現や選択肢をよりブラッシュアップすることができ、ニーズを深堀することができたと思う
,,,3,,一方で、狙ったターゲットを見つけ、話を聞くのはとても難しいと感じた
,,,3,3,時間のないビジネスマンに対して話を聞いてもらうため、明日はより簡潔な質問にできるよう心掛けたいと思う
,,3,3,,休憩は休憩、やるときはやると決めて行動すると、自分の体をしっかりと休めることができるし、仕事のパフォーマンスも上がる
,,,1,,プレゼン資料の作成方法についてアドバイスを受けた
,4,,4,,また当初の目的の５分間の会話は何も苦と感じないほどにはなった
,,4,,5,発言する際には、声を大きくすることで、説得力や熱意が増すと感じたので、今後の社会人人生への教訓としたい
,,3,3,,・アンケートを取る時には「回答者」、企業訪問では「アポの相手」、から情報を得ようとしがちだが、最も大きな情報源は「バディ」だということに気づかされた
,,4,,,これこそ、バディのリソースを活用する、ということだと思った
,3,,3,,失敗を恐れずに積極的に行動することが大事であると実感した
,,,3,,語彙力・リスニング力不足
,,,,3,（中長期的視点で）勉強方法を再考する必要がある
,,,2,2,英語で電話をして、最初は断られたがなんとかメールアドレスを手に入れることができた
,,,3,,英語での相手との折衝が少しできるようなっており、自己主張ができていることに気づいた
,,3,3,,アンケートをお願いする前に調査の目的の伝え方を変えたことで、断りを受ける回数が減ったので、受け手のことを考えたコミュニケーションの重要性を感じた
,,,2,2,今日は自分の考えている保険商品の保障・サービス内容について、KLCCのビジネスマンに説明し、加入したいと思うかどうか聞くことができた
,,,4,,今までインタビューの際はバディに何かしら補足説明してもらうことが多かったが、今日は説明部分は基本的に自分一人でこなすことができたので、一歩前進したような気がする
,3,,3,,また、たまたまマレーシア人だと思って話しかけた人がみずほ銀行で働く日本の方で、こちらに来て初めて現地で働く日本人に会うことができたので少しうれしかった
,3,,3,,"
ドライバーのChinさんとも仲良くなれたので、移動中も楽しく過ごすことができた"
,,3,,,細かく目標設定をすることで、細かく人をモチベートできるということ
,,3,3,5,専門的な話になると、英語のスピードによるだけでなく、理解力が落ちてしまうので、事前の知識収集の重要性を知り、日本でも活かせる部分であると思う
,4,4,5,,あがり症な自覚があったが、自分の本当に伝えたいことだったり掛けた時間が自信になり、自分としては落ち着いて話すことができた
,,4,3,,"
内省と準備の時間の大切さを感じた"
,,,2,,同期のプレゼンテーションを聞くことで、会社の情報について、自分が知らかなったものがたくさんある
,,4,,,自社に関する情報は自分が意識している範囲内にとどまり、もっと積極的に最新の情報を収集しておけばよかった
,,,,2,英語プレゼンの準備・実践について、集中して作成できた
,,3,3,,大きな声、ジェスチャー、アイコンタクトはプレゼンの際の自分の課題であると学んだ
,,3,3,,純粋な英語力だけでなく、スピーチの仕方（ジェスチャー、アイコンタクト等）も意識して鍛える必要があると感じた
,,3,3,,自分が伝えたいことを伝えるためのプレゼンなので、資料の見易さだけではなく、聞き手への問いかけやアイコンタクトなど、聞き手が興味を持てるように分かりやすく伝える工夫の重要性を学んだ
,2,,,,まだ中間発表ですが、終わった後に気持ちのいい達成感がありました
,3,,,,自分の発表の時は周りのみんなが頷きながらしっかりと聞いてくれているのを感じて支えられ、他のメンバーの発表はそれぞれが自分の思いを語っていてとても楽しく聞くことができました
,3,,3,4,いつもと違う環境の中で緊張感があり、ほかのメンバーの発表の際は「聞く」ことにとどまってしまったので、次回は勇気を出して質問することで「参加する」プレゼンにしたいです
,3,3,3,,自分がリラックスして発表できる場所を自分で作ることは大切である
,,,3,,プレゼンテーションの経験不足を感じた
,,2,,2,何のためにやるのか？という視点は忘れていた部分であり、もう一度そこを意識して来週の調査に取り組みたい！
,,4,3,,英語での発表の経験は少ないので、上手くいかない部分があったものの、中間発表を終えて、数をこなすことが自信に繋がると感じた
,,3,,,・途中で何を話すべきかわからなくなってしまっても、無理に話そうとせず、初めから言い直すことが成功の秘訣だと感じた
,,,3,2,当初予定していた訪問先が時間の都合上行けなくなってしまったが、その際に代替案を作ることができず、時間を浪費してしまった
,,3,,,話を聞きに行く前に、誰に何を聞くのが重要である
,,,,1,LIAM訪問・資料作成・アポどりで、今日は特段なし
,,4,4,,段階的目標設定を使ってバディをモチベートしていくこと、建設的な議論をするためにまず自分の意見を相手にぶつける訓練をすることが、自分の成長につながると学んだ
,,,,3,仮説と直接関係ない話になったときも、必要な情報を拾うため話を止めてでも質問を行えるようにしたい
,,3,4,,自分の考えを伝えた相手からのフィードバックを受けて、自分の考えを再考することで、新たなアイデアを思いつくチャンスになることを学んだ
,,,4,,今日は一度中間の振り返りをしたことで、最初の目標と先週の活動を改めて思い返して、最終週の目標を再設定することができました
,,,3,2,バディなしで一日仮説についても考えることができ、少しクリアになったものの、まだまだ今週やるべきことを洗い出せていないので、今夜中にしっかりと考えたい
,,3,,1,また、どの層をターゲットにするか悩んでましたが、LIAMの話を聞いてB40％にアプローチするのは難しく、今回は中高所得層をターゲットにしようとおもいました
,,,2,,バディから「リスニング力が上がったね
,2,,,,私の助けいらなかったでしょ？」と言われたのがうれしかった
,,,,2,明日以降も自信を持って活動したいと感じた
,,5,4,,B40という層に向けた保険商品のプロモーションに注力しているマレーシアと比べ、日本の現状は良い感じ、なぜこのような制度が可能になったか等、自分の国に関して興味を持つことができた
,,,2,,・自分がマレーシアに最初に来た時「あれ、マレーシアの奨学金って返さなくていいんだ、PTPTNもあるし、何も問題ないな」と感じていたことを思い出した
,,4,,,今日LIAMに行って、同じことを言ってる人がいて、「マレーシアの中でもこういう認識の人がいる」ということに気づくことができた
,,,4,,"
自分が異国の地に来てマイノリティなので「マレーシアの人は皆気づいている」と思い込んでいた"
,,,3,,新たな課題が見つかった
,,3,2,,想定外のことが起きた場合のために用意した対策もさらにダメだったとき、諦めや切り替えることでに過ごすことができた
,,3,4,,interviewするためには、学生のふりにしたほうがやりやすいが、どうしても嘘つきができなく、事実を言ってしまっている
,3,,3,,また、助けてくれたスタッフの方にさらに迷惑をかけるのが怖く、少しでも無理だと思っていることをお願いすることができない
,,,,2,前者の解決方法は思いつかないが、後者については、人にとりあえずお願いしてみようと思っている
,,2,,2,分かりやすいプレゼンについて、バディの声をしっかり聞いた
,,,3,,どう構成するかについて、簡潔な意見が得られて、今後の活動に繋がると思う
,,3,,3,段階的に目標を定めて、バディと共有することでアンケートを協力してスムーズに終わらせることができた
,,4,3,,誰かと協力する際はゴールまでの道筋を明確にすることが重要だと学んだ
,,,2,2,仮説を直接ぶつけてみて感想や意見を得ることができた
,,,,3,"
明日以降も適宜仮説をアウトプットして感想を聞いてみたい"
,,3,3,,自分が考えていることを相手に分かりやすく伝えようとすることで、結果的に自分の考えをより整理でき、足りない点にも気づけることを学んだ
,,,2,2,今日は薬局２店とサプリメント会社USANAの方を訪問できました
,,,3,,どちらも基本的に会話は自力でトライして、隣でバディがメモを取ってくれるという形で進めました
,,,3,,大学に戻った後も細かく今日の振り返りを行うことができたので良かったです
,,4,3,3,"
今週は無料健康診断の提供方法と、プロモーション・販売方法を検証して、自分で納得できるところに落とし込んでいきたいと思っていますが、今日の訪問を通じて健康診断の提供方法とプロモーションについてはある程度納得できる情報を得ることができ、販売方法についてもヒントを得られたので大満足です"
,,4,,,事前に目的を共有し、達成までの道のりを細かく共有することで、助け合いながら目的を達成できる
,,,2,3,アンケートの回答数にこだわって活動するよ！と話をしながら３人のバディをモチベートできた
,,3,3,,自分自身アンケートに断られることも数回しかなく、欲しかった結果が得られたので自身につながった
,,3,4,,質問をするだけでなく、ビジネスパーソンの近くに行きスライドを見せる、ということまででき、成長を感じることができた
,,,3,,・今日は、仮説について自分の知りたい情報を効率的に収集できたかというとそんなことはなかった
,,,4,,自分の準備不足を恥じなければいけない
,,3,3,,しかし、個人的には、バディとのコミュニケーションを増やしたことで、バディから大きな協力を得られたので、満足している
,,4,4,,異文化だったり年齢差だったりにかかわらず、人の振る舞いや行動から学ぶことが非常に多いということ
,,,2,,agentに保険について説明していただいたとき、不明なところをしつこく聞いていた
,3,,,3,今後も、相手に嫌われない範囲で、自分が抱えている不明点を確認したと思っている
,,,3,2,今日は今までで一番に深く日本について英語で紹介することができた
,,,3,2,難易度が高い話題もあったが、しっかりと説明した
,,,2,,（資料の作成後）
,,5,5,,今回バディ二人をマネジメントした際、相手がどのような人間でどのような言葉をかければモチベートできるのかなど、相手の特性を知ることがマネジメントに必要なことだと学んだ
,,,2,3,街中の人やバディに仮説をぶつけ、好感触を得ることができた
,,3,,5,"
またインタビューでもyes,noに加えて具体的な感想を聞くことができたので、このような「会話を展開させる力」は日本に帰っても磨き続けられるようにしたい"
,,5,,,異文化を理解するためにはまず自分の文化に詳しくなる必要があり、文化の比較から気づけることが多いことを感じた
,,,3,,はじめてバディを３人連れての活動になり、難しいことの連続でした
,,3,4,,もともと、自分を含めて４人いるので早めに１００人程度集めて残りの時間は大学でプレゼン準備をしようと思っていたら、結局朝バディに仮説と今日の活動について説明する段階で上手くいかず、もともとやろうと思っていたアンケートの数も集められませんでした
,3,,4,,バディ１人なら自分のやりたいことをある程度思い通りにやってもらえるようになってきていて少し自信もついていただけに、今日はどうしていいかわからず本当に疲れてしまいました・・・
,,,4,,今日は反省ばかりであまり良い方向に考えることができませんが、日本ではまったくこのような機会がないので、海外で早い段階で一度マネジメントの経験ができたことはよかった、とポジティブに言えるようになれば良いなと思います
,,,2,,バディから英語を誉められた
,,,3,2,当初に比べて聞き返すことが減り、言葉も出てくるようになった
,,,2,,またビジネスのアイディアもグッド！とほめてもらった
,2,,,,純粋にうれしかった
,,5,,,謙虚であることが大事だが、自分の目標のためにある程度の強引さが必要であると、インタビューを通して理解した
,,3,,,・自分の仮説をどう相手に納得してもらえるように伝えるか
,,4,,,論理だけではなく、相手の感情に訴えることがどれほど大切か
,3,,3,,バディとの関係で痛いほど学んだ
,,4,,4,最終プレゼンでは、よりシンプルに、論理＋感情で、訴えかけていきたい
,,3,,,何事もまずやってみる
,,3,,,最後まで今しかできないことにこだわる
,,,2,,今日は4:30に予定があるので、3:45に正門で集合と皆さんに約束した
,,,2,,明らかに正門に戻るのが間に合わないのに、学生がずっと「間に合うよ」と言っていつつ、学校にもどろうとしていなかった
,,,2,,結局学生に流されて遅れて行ってしまった
,,,4,5,日本に帰っても、自分に合わない文化に流されないように頑張りたいと思います
,,2,,,スタートアップのハブであるサイバージャヤの現状が理解できた
,,1,,,現状のスタートアップ支援体制
,,,,2,"JETROの方と
日本語で議論した際に、相手の意見に対してすぐ自分が感じたことを発言することができた"
,,,3,,英語となるとまだそのステップにたどり着けていないので、身に着けるべき英語力の目標に気づくことができた
,,3,,2,パワポの作り方、情報の見せ方についてのアドバイスを周囲から適宜もらいながらパワポ作成を進めることができた
,,3,,,練習でプレゼンをすることで、自分が気づけなかった視点や想定される質問への準備ができることを学んだ
,,,2,,今日はバディにプレゼン資料を手伝ってもらったあと、実際に１度プレゼンを見てもらってアドバイスをもらった
,,,4,,言いたいことをうまく言えず１枚のスライドに時間をかけすぎてしまうことがあるので、もう少し自信をもって分からない部分があっても気にせず進めたい
,4,,,3,前回はプレゼンに必死でとても緊張していたので、明日はもう少し楽しむ気持ちで向き合いたい
,3,,4,,"
JETROではほしいと思っていたデータは得られなかったものの、自分が３週間で感じていた感覚はJETROの方々ととても近いことが分かり、短期間で文化や考え方をある程度理解できたような気がしてうれしかった"
,3,,4,,また、自分の足で得た情報がとても意義のあるものだったのだと改めて感じることができ、充実した気持ちで一日を終えられた
,,3,,,思い切りが大事
,,,2,2,3回お会いしおている現地の介護施設の方と今回初めてきちんとお話しできた
,,,3,,結構なまりのきついかたで、最初は全く分からなかったが、今回はほとんど聞き取ることができ、リスニング力の向上を感じた
,4,,4,3,"""一人でアポを取り、一人でディスカッションを行う""、ということを達成することができ、自信を深めるとともに、一つ殻を破れたと感じた"
,,,3,2,・今日は、プレゼンの準備に精一杯で、バディとのコミュニケーションを十分にとっている時間がなかった
,,,3,,悪いことをしたなと思う
,,,,3,明日はプレゼンもあるが、バディへの感謝の気持ちを伝えられるようにしたい
,,,,3,プレゼンテーションの時に、伝わるようになりたいと思っている
,,3,,,英語でもここまで準備できるという気づきが一番
,,3,,,１スライド１メッセージをもとに自分が要するに何を伝えたいかを意識することで、自分の主張を明確にできることを学んだ
,,,3,3,3週間自分がやってきたことの中で、伝えたかったことは形にして伝えることができたので、その点は非常に達成感があった
,,3,,4,"
QAをもう少し自力でさばけるよう、来そうな質問の当たりをつける力、相手の真意（質問なのか、感想なのか、アドバイスなのか）を見極める力をつけたい"
,,3,,,聞き手にアイコンタクトを取りながら伝えようとすることで、相手の理解やリアクションを確認でき、より上手く伝えられるようになることを学んだ
,,,3,,今日のプレゼンでは、とにかく自分の仮説・検証に納得感をもって取り組むことができたと思います
,4,,4,,中間の時は自分でもまだ迷っている部分があり、その気持ちで臨んだことでとても緊張してうまくプレゼンできませんでしたが、今回は少なくとも自分の中では自信をもって発表できたのではないかなと思います
,3,,3,,また、やはり周りがしっかりと聞いてくれている、理解しようとしてくれている、というのが伝わってきて安心して話すことができました
,,3,,5,次回のステップとしては、田口君のように周りに伝わるプレゼンをできるよう、日本でも発表の機会があればどんどんチャレンジしたいと思いました
,4,,4,,積極的に話しかけたり殻をやぶったりしていたことで、自分のホームだと思える場所が増え、リラックスしてのぞむことができるのだと感じた
,,,3,,プレゼンであそこまで共感してもらえるのか？と思った
,3,,,,うれしかった
,,3,3,5,挑戦したタスクをやり抜くことで達成感を得たので、今後も諦めずにやり遂げることを意識したい
,,,,,"	"
,,4,,,・プレゼンにおいて大切なことは論理だけでなく、「共感や感情、ハート」なんだと気づかされた
,,3,,,My Goal Settingはカリキュラムに適したものを設定すべきと思った
,,3,3,,一方でカリキュラムの最中でそのことに気づき、新たな目標を設定してそれを遂行したがその判断は正しかったと思っている
,,2,3,,異文化理解の観点からは、中級・上級クラスにおいては問題ないと感じたものの、local market見学の際は少し積極性を失ってしまったと感じた
,,3,3,3,異文化理解のため、多くの情報を見聞きすることなかで、時にはこちらからも質問をしながら、インドについて理解を深めることができたが、一方で、英語についてはもっと進んで発話すべきだと感じた
,,3,3,2,言い方がわからなかった場面はまだ良いが、聞けたのに消極的になってしまった場面もあったため、この点をまず改善したい
,,,,3,研修終わりまでには、言い方がわからなくても発話しながら考えられるようにしたい
,,,3,2,現地の方々との会話機会を得て、英語でいくらか意思疎通ができることを実感できた
,,,3,,一方で、商品について尋ねる際や、レジで尋ねられたとき(電話番号を聞かれたが、ポイント付与のために尋ねたとのこと)など、力が及ばない場面も体験できた
,2,,3,,インドでの生活について具体的な経験を得られたことで、自身に不足している表現の種類・場面を認識できたことと、異文化に関する知識を少しずつ得たことで、これからも継続的かつ抵抗なく取得していくための第一歩になったと感じている
,,2,3,,午前中の講義、午後の大学訪問のどちらにおいてもインド文化に関する知識は大幅に深まった
,,,2,,仮説検証に向けて学生からもヒントなどを頂いた
,3,,3,,言語能力の低さに負い目を感じ、全体的に消極的になってしまったこと、また、相手の立場にたって考えるなど他の観点に気が回らなかった点が思い返すと非常に残念であった
,,3,3,2,自分なりの言い方で、ポイントを捉えて話せるように、明日からはまた気持ちを切り替えてがんばりたい
,2,2,3,,　大学生とのディスカッションにて、MBAを取得する学生の考え方やそれを支えるモチベーション・背景を知ることができ、これまで持つことのなかったリアルな緊迫感を覚えた
,,4,4,,個人としてどのように差別化を図るかということと、市場を正しく認識しようとする姿勢はビジネスパーソンである自身にとっても不可欠な要素である
,,3,3,, 　教授からは、インド市場における重要な考え方や、「知識を常に更新すること」が重要な資質であるとコメントいただき、フィールドワークの遂行や個人としての成長を考えるうえで基礎になり得る
,,6,,,アンケートの取り方に関して、選択肢を与えることは数を稼げるものの、内容の深みが得られなく、活動初旬には適していないと思った
,,3,,,話しかける際も、色々な人がいるなかでターゲットを絞って適切な人に話すことの重要性を学んだ
,,,3,,学生や教授等ではなく、インドの一般的なビジネスマンなどに直接接することができ、インド人についての理解が深まったように思う
,,3,3,,選択肢をもつべきかオープンクエスチョンとするべきか、質問の量など街頭調査の感覚がつかめた点はよかった
,3,,3,2,言語能力が気にならなくなれば毎日を楽しめる気がするため、引き続き積極的に研修に取り組んでいきたい
,,2,,,ミッションワークでは、ネガティブなイメージやロボット技術への関心、日本企業への少ない知識のなかでも多様なイメージを持っていることなど、主に日本に対するイメージについて初めて知る事項が多くあった
,,,3,3, 移動中も絶えず英語を介してBuddyと会話することは、良い意味で大きな負荷になっていると実感していて、これを継続することで英会話力が改善されるようにしたい
,,,3,,自分の専門に関する議論はインドにおいても可能であることを確認でき、自信を持てた
,,,,4,一方で、会話のペースダウンなどを周りの状況に応じて調整できるようになりたいと思った
,,,3,,NISE訪問で本場のインド英語に接することができ、今まで会った人が丁寧に綺麗に話してくれていたことに気づけた
,3,,3,,また、太陽光エネルギーにあまり興味はなく、訪問前は少し消極的な気持ちであったが、行ってみて、エネルギー企業の社員として知っておかないと恥ずかしいと思え、無知であることが残念に思えた
,,3,3,,言語能力と関連する知識があれば、もっとdiscussionをして色々な情報を知れたであろうことを想像すると、非常にもったいない体験だったが、そのようなことに気づけたことがまだ幸いと思う
,,,,2,明日以降、後悔の無いように1日1日を過ごしていきたい
,,3,3,,NISE訪問とその準備を通じて、インドのエネルギービジネスについて考える機会となり、これから世界規模のエネルギー事情を考えるための一歩になった
,2,,3,, インドが再生可能エネルギーに関して意欲的に開発を進めていることや、実績を多く積んでいることは驚きであり、今までのイメージが変わる良い経験になった
,,3,,,話をきいてもらうにあたり、わかりやすく簡潔に「自分が何者か」「知りたい内容」「かかる時間」を最初に説明することが効果的であることがわかった
,,,,2,一方で、そこから社内見学にもっていくことに対する糸口は見つけられなかった
,,3,,3,他の業界の業務について知識がなく、また専門用語もわからなかったことで企業訪問時に苦労したため、今後勉強する必要性を強く感じた
,,3,,2,市場調査での話しかけ方については、2回のミッションを通して掴めてきたが、近くにインド人がいたために相手も安心してくれた部分があると思うため、今後も英語力、話しかけ方のブラッシュアップをしていく必要あると感じた
,,4,3,,2回目のフィールドワークは、よりビジネス色の強いものであったため、ビジネスパーソンとのやり取り自体が難しく感じたことと、与えられる情報が高度かつ新しいものになったことで、それらを十分に理解することに苦労した(関与したことのない分野の話や政治・文化背景が異なることによる)
,,,3,3,いずれも文化理解の助けになるものばかりで、これからのワークに生かせると感じている
,2,2,,, 訪れたオフィスは私の知っているものとほぼ同等であり、違いが少なかったことに驚いた
,,3,2,,体調により能力に差が出ることは以前から認識していたが、改めて実感した
,,,4,2,普段と異なる環境にていかにパフォーマンスを維持できるかは重要だと思うため、よりがんばりたい
,,,3,,仮説検証の進め方等で腹落ちせず進めることになっていた気がする
,,,3,,言語能力の低さからよく理解できないことが多くあったが、気にせず進めた点も問題であったように思う
,2,,2,,フィールド調査では、有機野菜専門店やスーパー、街頭調査を通じて有機野菜に対する関心を伺ったが、予想よりも関心があることに驚きを得た
,,4,,,一方で、街頭調査で得た情報の信憑性については疑いが残り、選択肢を与えるなどして回答範囲を狭める必要があったかもしれない
,,3,,3, そもそも、自身が野菜工場のビジネスに携わった経験がないこともあって、私たちがインドでビジネスを始める際にどのような価格・質の製品を提供できるか正確に把握できておらず、その溝を埋める必要もあると感じている
,,,,2,ある程度専門的な内容に関する質問をInfraline Energy社にすることができた
,,,,2,一方で、（質問内容にもよるが）質問にとどまり議論に発展させることはできなかった
,,3,,3,仕事においては議論をする必要があるため、今後の機会で専門的な知識での議論をしてみたい
,3,,3,2,仮説検証において、うまく腹落ちさせて模索することができず、リーダーシップを発揮できる場面が確実にあったが、うまく進めることができなかったことが最も気になった
,,3,3,,より良いアイデアに拘らず、今ある時間と情報の中でどう進めるのが良いか、他メンバーがどのように考えているのかなど、別のところに注力するべきであったように思う
,,2,,2,Infraline Energy訪問では、インドの石油ガス産業に関する話を多く聞くことができ、自身の産業について規模を拡大して理解を深めることができた
,,1,3,,また、聞いたことのない用語も含まれたため、その新しい知識を得られた
,,1,,2, 休憩時間に同研修生の二人に化学に関して教わり、ラジカルやオクタン価などについて理解できた
,2,,2,,有機栽培野菜しか好まない観光客のフリをしてレストランで調査をしたのは面白かった
,,3,,,調査する際には場所によって適した方法があると思った
,,3,3,,相手に意見を聞く際に、ケースバイケースだが自身の意見を先に主張してから聞くと、変にプレッシャーを与えないような気がした
,2,,,,何となく最近頭が働かないのと何となく日本語が不自由になっている気がしているの点が少し気になる
,,3,,,Cross Point Mallでは有機野菜をあまり使っていないということや、一方で唯一扱っているレストランを起点にしてデリー周辺にある市場の存在を知れたことなど、実調査によって具体的な結果や次の行動につながる情報が得られることを実感できた
,,,3,2,本日はデスクワーク中心だったが多くの情報を収集することができ、仮説検証の今後の見通しがたってきたように思う
,,,3,2,少しずつチームもまとまってきているように感じるため、来週以降大きな進展が出せるようにしたい
,,,4,3,海外で働く方にお会いすることで、そのイメージを持つきっかけにしたいと研修前から強く思っていたため、その目的を達成できた
,,3,,, 一方で、インドの潤滑油事業は製造を現地会社に全て委ねていることから、技術系社員の関与する余地はないと理解した
,,2,,,また、潤滑油事業は多くの社員がローテーションで海外経験を積むようで、必ずしも能力や希望が反映されているわけではないと感じた
,,3,3,,今週はフィールドワークのテストから始まり、今日には今後のおおよその進め方が見えて順調に進められているのではないかと感じている
,,,,2,自己成長に関しては、発表にpauseを入れることを指摘され今後意識したいと思う
,,,3,2,本日は朝一のプレゼンからハードであったが、午前中に多くの情報を調べ、午後もスピーディーな市場調査ができ、クラボウさんの最終発表を聞いてイメージを湧かせることができ、企業訪問もできたため、有意義であったように感じる
,,3,,,個人の2つのアクションプランについては、まず人間関係の構築が大切だと感じた
,,,4,2,漸く研修も中盤で、あと2週間しかないため、なるべく多くのことを学べるように日々考えながら過ごしたい
,,2,,,昨日の潤滑油現地法人と同様、HASORAもインドで日本人を中心にビジネスをしているという現状を知り、インド人にも受け入れられるようにビジネスを進めていく難しさを伺えた
,,2,3,, 中間業者を介さずに農家から直接仕入れることで農家の保護を考えていることや、夏に葉物野菜の需給バランスが崩れることなど、野菜に関する現地の新情報を得られたことが、仮説検証データとして有意義であったと考える
,,,2,,インドにおける有機野菜の勢いを感じることができた
,,5,,,また、価格だけでなく品質に拘る層がいることもはっきりと確認できた
,,,3,3,英語で話すことにだいぶ抵抗はなくなってきたが、一方で英語での会話力の成長は止まっているため、今後よりスムーズに会話ができるようになるためには語彙力とリスニング力と発音を鍛える必要があると感じた
,,,3,2,仮説検証もだいぶ方向性が見えてきたので、あと2週間前向きに取り組みたい
,,,4,,インタビュー時、有機野菜市場でBuddyの力をほとんど借りずに進められたことが今までと大きく異なる点であった
,,,3,2, 市場の設立者と話せる機会を得たが、多くの内容を聞き取ることができなかったうえに、検証の進捗を考慮して自身から情報を取りに行くことに消極的になったが、そのバランスの取り方を上手く掴めていないため、改善含めて考慮する必要があると認識している
,,,,3,話好きなインド人の会話の中にいかに入り込むかが今後の課題だと思う
,,,,3,聴くだけよりも議論に持ち込むことで一層情報を引き出せるようになりたい
,,,,2,議論への持ち込みのロールモデルを見つけたい
,,,,1,本研修では見本がいないから目指すべき姿がわからない
,,,,3,研修開始時にたてた、”研修終了後になりたい姿”と”アクションプラン”について失念しがちであったため、もう一度初心に戻って当初の目標を意識しながら日々のアクションプランをたてたい
,,,,2,研修も残り短いので、悔いのないようにもう一度気を取り直して1日1日大切に過ごしたい
,,,2,3,振り返り時、他二人の長所を考える機会を得て、これからチームでのプロジェクト遂行に関する観点を持つべきと考えさせられた
,,,2,, また、研修終了時に達成したい目標を改めて振り返ることで、今の取り組み方を顧みる機会になった
,3,3,,3,一方で、目標を100%達成したと胸を張っていえることは絶対にないと思っていて、そのなかで少しでも改善できるように努力するだけである
,,4,,1,仮説検証の完成度と研修としての行動のどちらに重点をおくべきかが悩ましいと感じた
,5,,4,,自分の成長を考えたら仮説検証よりフィールド調査を選ぶべきだと思う一方で、仮説検証の内容もある程度の完成度が求められていることを今日の中間発表で感じた
,,3,2,3,バディも変わり、これまでとは性格の異なるインド人らしい？我の強い担当となったため、どのようにコントロールするのかなど考えて異文化理解、ビジネススキルを磨きたいと感じた
,,,,3,明日は移動時間も長いため、積極的にバディと交流したい
,,3,4,,仮説の実現性を重要視するとデスクでの調査業務が中心になってしまい、自身が本研修に求める目的として、異文化をリアルに体感することや、意思疎通に関する能力の向上は見込みにくい
,,,3,,また、街頭調査もその観点で効果的でないと感じている
,,,4,4,それらのバランスをどのように取るかは自分自身であると思うので、今までどおり仮説検証に詰めすぎず、自身の成長を第一優先に行動すべきだと再認識した
,,,3,2, プレゼンは、いつもどおり準備はあまりせずに喋ったが、大きな滞りなく話せた一方で文章は崩壊していた可能性もあり、伝わっているのか気がかりで圧
,,,2,,Triton Foodworksに飛び込みで話を聞いてもらった
,,,3,2,自分たちが研修で有機栽培を調べていること、その中でTriton Foodworksを見つけ話を伺いたかったことを上手に説明でき、疑われずに快くディスカッションに応じてくれた
,,,3,2,人によるかもしれないが、街頭インタビューだけでなくビジネスパーソンともディスカッション齟齬なくディスカッションできると感じた
,,,3,,本日は結果的に良い方向へ進めたため、充実感という意味合いでは良かったが、運がよかったように思う
,,4,,,①人それぞれモチベーションの振れがあると思うが、自身含めそれぞれの人がどういう時にモチベーションが上がるのか、どういう時に下がるのかを理解しておくことは大切だと感じた
,,,3,,②また、今までも認識はしていたが、自分は人の良い点を見つけるのが非常に不得意だと再度実感した
,,4,,3,①②は人を管理する上で非常に重要なスキルと思うため、残り短いが本研修で可能な範囲で改善に努めたい
,,,3,,Triton FoodworksというHydroponics事業をおこなっている会社を訪ねたが、HASORAでは日本語で対応していただいたことと比較して、英会話での情報収集力が全く不足していることを実感した
,,,3,1,このテーマは本研修で自身にとって最も重要なものである一方で、機会が先行するものと考えているので、特に改善できる余地は見つけられていない
,,3,,3,最低限、今までと同様に自身が理解できない部分を問いかけ、マッチした回答を得られるように継続する
,,,3,2, Buddyが協力的であったこともすごく実感するが、今まで以上に自分から助けを乞うことができていて、調査の効率や充実に影響していると考えている
,,,3,2,訪問先のあてがはずれたこともあり、活動は限られたものの、その場の判断で計画を変えてある程度有益な一日にできたと思う
,2,,3,,"自身の”研修全体を通したMy Goal"" を改めて見返したときに、昨今バイタリティの面が大きく抜け落ちていたように感じる"
,,,,2,来週で研修も終わるため、月曜からはバイタリティをもって臨みたい
,,,4,,英語レッスンのテーマは「グローバルに活躍する人材に必要な要素」であったが、研修当初から個人として追求していたものでもあった
,,,4,,ディスカッション前は、研修を通じて新しい観点を得たいという気持ちのみを強く持っていたが、自身で考えて表現する機会になった
,,4,,,今の答えとしては、いかにその環境で自身の力を最大限に活用できるような場を整えるか(頼りになる人を置くこと、その人達を効果的に動かすことなど)と、替えの利かない個性(人間性、スキルともに)を磨くことである
,,4,,,語学力や異文化に対する寛容性は最低限のものであって、不可欠であるが大きな強みにならないのではないかと思い始めている
,,,,2,Dr. Singhとhydroponicに関する情報交換および議論もできた
,,,3,,専門レベルの会話および議論が可能であると感じた
,,,3,,各メンバーの良い点を見つけることができ良かった
,,,,2,引き続き取り組むと共に、バディとも積極的に交流していきたい
,,,2,,IARI(農業大学)のHydroponicsの研究に携わる教授を訪問して、技術動向など一般的な話を伺った
,3,,3,2, 質問の意図を上手く伝えられていないかったのはもちろん、相手の主張を確実に理解できなかったこと、全体に対してどのように振舞うのが最適か分からずに感情的になってしまったことが力不足であった
,,,3,, 質問があるなら話を遮って聞けという人がいるだろうが、向こうからの話自体にも興味はある
,,2,,2,タイムマネジメントできていないのは確かなので、明日は同じミスをしない
,,,2,,Triton Foodworksのhydroponic farmを訪問し、具体的なシステムやコストの話を伺えた
,,,,1,面談にてもう一歩ストレッチ目標を立てたことを推奨されたものの、いまいち何をすればよいのかがわからない
,,,,2,研修の目的を再度考え直そうと思う
,,,3,2,Farmer訪問では、ききたくても言語力の低さからきけないことが多かったように思う
,,,3,,ランチの前やオフィスに戻ってからは、少しバディと交流することができ良かった
,,,3,,また、チームビルディングに努めていることが他メンバーも多少は感じてくれているようで良かった
,,,2,,太陽光発電設備を導入する際のコストを知りたく、明日に同導入事業をしている企業と電話で約束を取った
,,3,3,,電話で約束を取るのは二度目だが、相手の状況を視覚的に判断できないために、意思疎通が格段に難しくなってしまう
,,,3,,特に今回は、相手にシリアスな案件であると印象を与えてしまったことで約束決めまでに時間がかかってしまい、詳細にこちらの情報を伝えるべき場面であったのだと反省した
,,,,2,わからい分野においてもビジネスレベルでディスカッションできることを再確認できた
,,,2,,本日の企業訪問は実際のビジネスに近い形の訪問であったように思う
,,,3,,その中で、事前準備不足もだが、やはり言語力的に大きな壁を感じた
,,,,2,相手の話していることの大枠はわかってもニュアンス等が掴めなかった
,,,3,2,Networth Projectでの会話は、今までで最も発話情報をよく理解できたと感じている
,,3,3,,太陽光発電というテーマ自体が比較的馴染みのあるもので、専門用語に引っかからなかったことが考えられるが、自身の聞く姿勢や聞き取り能力の向上が少しでも関連していると嬉しい
,,2,,, バンガロールでの導入事例では、常時受電できないために電力の安定供給を目的としていたことを知った
,,4,3,,急進国独特の制度背景を知ることができたのはよかった
,,,,2,資料作成がメインとなり、buddyを上手に使えなかった
,,,,2,発表資料作りがメインとなり、あまりうまくバディとコミュニケーションをとったり、業務を分担したりすることができなかった
,,,3,,仮説検証の資料作成に1日を費やしたが、チームメンバーの二人にとって今までの想定が甘かった部分や思うように必要な情報が集まっていない現状であることを汲み取った
,2,3,,,もう少し早い段階でフォローできていればよかったのかと、力不足と申し訳なさを感じた(アポ取りが多くなりすぎて、考える時間を短くしてしまったか)
,,,2,, 個人としても単なる資料作成という労働に専念することになり、バディとはほとんど口を利かなかった
,,,3,,バディは他のメンバーの依頼事項に対応してくれていることは把握できていたので、結果は全く問題ない
,,3,,,目標設定時の想定が現実的でなかったかもしれない
,,,3,,最終発表とその準備が1日の大部分を占めていたこともあり、色々と限定的であった
,,,2,,森川さんのフィードバックにて新規事業立案に関する常識を教えてもらった
,,3,,,最終プレゼンについて、もっとしっかりとスケジュール管理をして計画的に取り組めたらよかった
,,3,,,最終的にはプレゼンは伝え方が非常に重要なので、それぞれのスライドで何を強調して話すかなど、プレゼン準備へ時間をもっと割くべきであったように思う
,,,3,3,また、本日は時間の都合上あまり研修を通した振り返りに多くの時間を割けなかったので、自身でしっかりとその時間を確保し、せっかくの1か月を無駄のないようにしたい
,3,,3,1,Alueからフィードバックを得られないことを研修の序盤から受け入れて諦めてしまったことで、研修の成果を少しでも上げる対応ができなかったことを悔やんでいる(要望を言えば改善してもらえたとのこと)
,,,3,2,最終日のみではあったが、フィードバックがあるのなら欲しいということを伝え、新しい観点は得られなかったが、何も行動せずに終わらなかったことが幸いである
,,,,3,これから他の研修を受ける際にも、自身から環境を変えるための行動は惜しむべきでないと学んだ
,,,2,,異文化理解（異なるモールを見学することによって、貧富の格差を実感した
,,,,,）
,3,,3,,車中で、現地人が無謀で危険な運転を繰り返しているのを見て、日本のドライブマナーの良さを再認識し、日本での運転はインドに比べると大して怖くないと感じ、少し自信が生まれました
,2,,1,,(私は首都高での運転が怖いので・・・・
,,,,,)
,,,,2,スーパーの店員等に積極的に話しかけることができた
,,3,3,,インドの方の英語は難しいと感じたが、人と人なのでコミュニケーションはとれるとは感じた
,,,,3,今後、このコミュニケーションのスキルを向上していきたい
,,2,,,自己理解（強化したい項目①には取り組めて、②はいまひとつ）
,,2,,,モールやスーパーでのお作法（セキュリティ関係）
,,,3,,インド英語のヒアリング力を確かめた
,3,,2,,インド訛りの英語に一日中接しましたが、自分が思った以上に耳が衰えていてショックを受けました
,,3,3,,聞き返せば理解でき、自分の発言もほぼ１００％相手に理解してもらえたので、その点は満足です
,,,3,,学生との会話でも、自ら積極的に話し続けることができたので良かったです
,,,,2,明日以降も頑張ります！
,,2,2,,インドの方の英語の発音の特異性を身をもって体感した
,,3,,2,もともと英語力は乏しいため、より一層の鍛錬が必要だと感じた
,,3,3,,異文化を理解することは会話をスムーズにするために必要だと再認識した
,,,3,2,IMI学生と話した際、一部聞き取りが難しい場面もあったが、聞き返して 諦めずに会話ができた
,,2,,,インド人buddyとの関係づくり
,3,,4,,インド人バディと初対面しましたが、相手の声量、勢い、自己主張に圧倒されつつも、しっかりと英語で自己主張をし、ストレスを溜めないようにコミュニケーションをとることができました
,,3,,2,該当調査でも、バディと協力し、早い時間で10人から回答を得ることができました
,,3,3,,該当調査では、人相、服装、年齢、性別、など様々な要素から的確に判断して声をかけることが重要ですが、本日はバディからのアドバイスもあり、スムースに行うことができました
,,,,2,明日以降も継続します
,,3,2,,相変わらず英語力は乏しいが、ボディーランゲージや表情等で意思疎通ができることを身をもって感じた
,,,,3,明日以降はより余裕をもってコミュニケーションをとれるように努力していきたい
,3,,,3,意見が合わない場合はunconfortableだったけど、アクションプランを思い出して、意見をすり合わせるように努力できた
,,,,3,街頭インタビューが上手くいかなかったので、次回は他のメンバーからのアドバイスを活かして人を選ぶ
,,2,,,Got more knowledge about solar energy in India.
,,,3,,インド人に質問をする際、全く的外れな回答が返ってくることが多いということを学びました
,,,,1,今後、企業訪問などでインド人と接する際、負けずに根気強く、自分が求める回答が得られるまで辛抱強く頑張ります・・・
,,,,2,朝の英会話レッスンでは自分の意見をしっかりとプレゼンで発信することができた
,,3,,,文法や語彙が不十分でも、自信をもって話せばある程度の意思疎通は可能であることを再認識した
,,,,2,バディに仕事を振って共に情報収集することができた
,,3,,,自分が求めている回答を得るためには、インド人に対して工夫や辛抱強さが必要だと学んだ
,,,3,,buddyがいなくてもいいぐらいのレベルに達成したと感じた
,,3,,,インタビューを行う際、調査の目的を明確に相手に伝えることが重要だと気付きました
,,,,3,仮説検証で該当調査を行う際も、最初に調査の目的を相手に伝え、スムースに調査ができるようにします
,,3,3,,相変わらず英語力は不足しているけることが、持ち前の腰の低さでGood Relationshipは築けることを実感した
,,,,2,もう少し英語力を上げたい
,,,,2,回答内容をまとめて発表する力をつけたい
,,3,,3,前回のミッッションでの反省点を活かし、足を止めてもらうための戦略を練って実行できた
,,2,,,市場調査
,,3,,,現地のSSを2件訪問し、マネジャーにインタビューをしましたが、日本と違い国営であるため、SSの競争力を高める必要性を感じておらず、新たなサービスを導入するのは非常に難しいと感じました
,,3,,3,ただ、まだインドの人々がSSに期待することに関して、アンケートをとれていないので、実際にインド人がSSに何を期待しているのか、日本のSSのように幅広いカーメンテサービスを用意した場合、利用するのか、に関して調査を進めます
,,,,2,仮設の立案、検証において有効な意見をあまり発信できなかった
,,,,2,明日以降はもう少し積極的に意見を発信していきたい
,,3,,,目的をバディと共有することの重要性
,,,3,,Indian Oilを訪問し、日本で準備してきた仮説の証明が難しいと感じた
,,,,3,仮説の変更が必要かもしれない
,,,,2,分かりにくかった英語回答について、自分の理解を再確認することができた
,,2,,,インドのSS業界は、国営企業の独占市場であり、我々が参入する余地は現時点でないということがわかりました
,,2,,3,CNGやバイオガソリンにかんしては、当社がかかわる可能性があるという話だったので、仮説の見直しを含めて、明日以降の検証に取り組みます
,,,3,3,本日は目標としていた行動をきちんと実行に移せてよかった
,,,3,2, また、移動中にインドの方とプライベートな会話もでき、日常会話程度ならできるという自信を感じた
,,1,,,異文化理解
,,,,3,質問方法を単刀直入にするべきだと感じた
,,,3,2,企業訪問の際、こちらが１質問したことに対し１０くらいの情報量の回答が返ってきたので、自分の必要な情報を聞き出しつつ、相手の爆弾トークをコントロールする術も身に付けたいと思った
,,,,2,自力でNatural Farm社への会社訪問アポをとった
,,,,2,バイオガソリン、やLNG化などのインド政府の取り組みに関して、一般市民の関心の高さを裏付けるデータを集めることができました
,,4,,,日本と違い、日常的に極度に汚染された大気などを通して、環境問題に関心を向けていることが原因なのではと推察します
,,,2,,アンケートを取った数はグループで一番だった
,,,3,,また、市民の環境に対する意識の高さを感じられてよかった
,,,,2,明日以降も積極的に活動していきたい
,,3,,,自己理解（PPTは要点をまとめて、抑揚をつけて発表する
,,,,,）
,,2,,,アンケート調査の結果、特に上流階級のインド人の環境意識が高いことがわかった
,,,,2,2社目のアポをとった
,,2,,,インドの社会問題、経済問題に関する知識を得ることができました
,,3,,,貿易摩擦、為替、原油の輸入依存、などの話は、ネットの情報では知っていましたが、実際に現場で働かれていた人からの生の意見も聞けたので、裏付けることができました
,,,3,,耳も少しはインド英語に慣れた気がします
,,,,2,これらの学びを、明日以降の仮説検証に活かします
,,,3,,本日は英語が理解できない部分も流してしまったことが反省点であった
,,,,3,全部聞き直すのは難しいにしろ、「Please speak more slowly」等のお願いはしていくべきだと感じた
,,,,2,明日以降に活かしていきたい
,,,,2,My goal setting を具体的にして、研修後の目標を達成できるように再度意識する
,,2,,,日本・インドの働き方について、終身雇用→転職ありきに変化してきている点が共通だと発見した
,,3,,,時間管理
,,3,2,2,セクター14で、英語を話せない層に対してバディを通して聞き取り調査を行っていた際に、相手の口調、表情などで、何となく何を話しているのか理解することができました
,1,2,2,,また、貧しい人や教育を受けていない人でも、環境問題やエコに関心を持っていることに非常に驚きました
,,5,,3,言葉は万国共通ではありませんが、感情は全人類に共通するものだと思うので、言葉が通じない相手と話をするときも、相手の感情に着目して、うまくコミュニケーションを取ります
,,3,2,2,言語がわからなくても、ボディランゲージや表情である程度意思は分かることを感じ取れた
,,,,3,この学びを今後の異文化コミュニケーションに活かしていきたい
,,,,2,積極的に
,,,,2,プレゼンの際、心がけたが少しどもってしまったので、今後のプレゼンにおいてどもらいよう気を付けたい
,,,,2,初のインド鶏卵会社訪問をできた
,,,4,2,英語で電話をし、企業にアポを取る経験はしたことがなかったので、本日2件のアポを取ることができたことは自信に繋がりました
,,5,,,場所は違えど、日本にいるときと同じように、お忙しいところ申し訳ありません、や、いまお時間ありますか？などの気遣いを行い、電話をかけている目的を簡潔に正しく英語で伝えることが大事だと感じました
,,5,,,メールを送るだけでなく、念押しの電話もするというアプローチ方法は日本でも同じです
,,,,3,明日以降も、人として当たり前のことを英語でも行います
,,,,3,本日は２つの企業とアポイントを取ることができ、グループとしての目標は達成できた
,,,,2,一方で、私の力でアポイントをとることができなかったので、明日以降はもう少し積極的に活動していきたい
,,,,2,発表用スライドのドラフトはほぼ完成したが、グラフ等のvisual materialをより充実させたい
,,,3,,インドの会社訪問にはかなり慣れてきた
,,,2,,午前中は豊田通商、午後はIOCを訪問しました
,3,2,,,豊田通商では、日本人から見たインド市場(おもに自動車市場)に関する話を伺えたので、普段とは違って新鮮でした
,,,3,,IOCでは、インドのバイオ燃料政策に関して、理解を深めることができ、非常に良かったです
,2,,,,(さすが専門家、、、と脱帽しました
,,3,3,,) JXTGが持つバイオエタノール生産技術に関して、具体的にどこまでコストを下げれば採用するのか、その際何か障壁はあるのか、など、具体的に実現可能性にまで言及した議論を行うことができたので、本日はとても有意義で、満足しています
,,,4,,本日は企業訪問での技術的な質問に対して、今までにないくらい積極的に話すことができた
,,,,3,一方で、英語力と我々の技術に対する説明の準備が不足していると感じたので、引き続き今後の課題としていきたい
,,3,,,会話のテンポを上げる（間をつめる）
,,,4,,これまで流しててしまっていた（聞き返すのを諦めていた）場面でも、自分が納得するまで質問できた
,,1,,,NOTIの事業理解
,,,3,2,訪問先企業の事業内容が、直接仮説検証に関係あるものではありませんでしたが、集中力を切らさずに終始積極的にお話を伺い、議論に参加できました
,,,2,,オールドデリー視察は、思ったほどショッキングではありませんでしたが、やはりいつも見ているインドに比べると汚く、日本と比べて貧富の差が激しいと感じました
,,,2,,本日は現地法人の方々とお会いする機会があった
,,,4,,実際に赴任されている方々から話を聞くことで海外で働くことに関するイメージを具体的に持つことができた
,,2,2,,オールドデリーを訪問し、インドの”旧”の部分を見ることができ、異文化理解につながった
,,,,2,発表のQ&Aに対して即回答できた
,,3,3,,中間発表のフィードバックを受けて、定量的、数的検証が圧倒的に足りておらず、発表に全く説得力がないと感じました
,,,3,3,ただ、今後の道筋はしっかりしたので良かったです
,,,4,,一次文献を英語で読むにあたり、わからない点をバディに質問した時、バディも理解しておらず適当な説明をされた場面で、わかったふりをせずに理解するまで質問し続けました
,,,3,,少しは忍耐力がついた気がします・・
,,,2,,本日は英語のクラスと中間発表でプレゼンを行った
,3,3,4,,研修開始当初は正しい英語を話そうと気構えしすぎていたこともあり、詰まることが多々あったが、本日はとりあえず話すことを意識した
,,,3,2,そうすることで、やはり英語力は乏しいが、比較的スムーズに話すことができた
,,,,2,今後も積極的に話していくことを意識していきたい
,,1,,,自己理解
,,3,3,,プレゼンの際、ダラダラ長く話してしまう傾向があるので、ポイントを定めてコンパクトに話す
,1,,,,なし
,,,4,,砂糖の政府機関を訪問した際、わかりにくい英語で、話している内容がよく聞き取れませんでしたが、その都度再度確認し、理解するまで聞き続けることができました
,,4,,3,英語はあくまでも第二言語であり、日本語のようには話せないので、相手に伝えること、正しい単語を使うこと、などをより意識して議論に参加するようにします
,,,4,,本日はディベートで自分が発言したいことを頭で英語に変換する前に積極的に話せたのが一歩の成長であった
,,2,4,3,メンタル面は成長を感じられているので、今後はより英語力を高めていきたい
,,3,,,プレゼンテーションは練習あるのみ
,,,3,2,ディベートの反応スピードが遅かったので、同様の機会があれもっと取り組みたい
,,,2,,インドの政府機関を訪問した
,,,,2,最終発表に向けたスライドをある程度作成することができました
,,3,3,2,バディに的確に指示を出し、手持無沙汰にさせないという点は、いまいち徹底することができませんでした
,,3,,3,仮説検証に関係ない話題も時には混ぜつつ、バディがなんでも発言しやすい環境を生み出したいです
,,3,3,,本日はパワーポイントの構成をある程度早い段階で相談できたので、その点はよかったと思う
,,2,3,2,一方でバディの使い方には依然として課題が残るので、明日以降はその点をより意識していきたい
,,3,3,,人の特性を活かして仕事を振ることは難しい
,,3,,2,スライド全体の構成を変更するにあたり、朝の段階で全員で認識を合わせて効率良く進められた
,,2,,,multitask
,,,2,,何日も前からアポを取ろうと電話していたBPと、ついに電話がつながり、実際に訪問することができました
,,,,3,バディにも、1日を通して手持無沙汰にさせることなく接し、有効活用することができました
,,,3,,本日は我々の仮設検証に足りない部分を話し合い、それを補うための企業に迅速にアポイントをとれたので、結果としてはよかった
,,,,2,明日以降も今日のようにバディを有効活用していきたい
,3,,,,英語ができない悔しさ
,,,2,3,終盤にきて体調を崩してしまったので、本日中にしっかりコンディションを整える
,,3,4,5,人脈作り、将来の販売につなげられそう
,,,2,,役割分担を若干変更し、スライドを作り直しました
,,,,2,バディからも複数指摘をもらったので、それを含めて修正を加え、ゆっくり話して20分に収まるように調整しました
,,,2,,午後は、仮説検証とは直接関係しない該当調査を行い、インド人のマインドセットについて調査しました
,2,2,,,ほぼすべてのインド人が、インドの政治、貧困、不敗、教育、汚さ、などに不満を持っているものの、それでも外国ではなくインドに住み続けたいと思っている点が驚きでした
,,,3,,本日は仮設検証に関係のないことだが、自分が知りたかったことをフィールドサーベイで聞けたので、良い経験となった
,,2,,3,想像通りだったものとそうでなかったものとがあったが、今後のインド人との向き合い方等に活かしていきたいと思う
,,3,,,バディとの話題の幅を広げる
,,,,3,スライド作成中も、バディが退屈しないよう気にかけることができた
,1,,,,ない
,,2,,2,バディとスライドの内容を確認する際に、使う単語、文法、語順、などについて徹底的に議論を行うことがでました
,,,3,2,彼らもネイティブスピーカーではないので、意見が割れる局面が多々ありましたが、辞書などを用いて、可能な限り正しい英語に直すことができました
,,,3,,インド人は日本人以上に体裁を気にする、とういうことが本日の一番の気付きです
,,,1,,（スライドの見た目、など）
,,,4,,今日は今までで一番バディーと多くの時間を共有することができた
,4,,4,,この研修も終わりが見えてきている段階だが、一番の収穫は外国籍の人との間に感じていた壁を取っ払えたことだと思う
,,,,5,この経験を今後のキャリアにおける様々なビジネスシーンにおいて活かしていきたい
,,2,,,日本の文化や習慣について紹介できるほど知らないと気付いた
,,1,,,（自己理解）
,,,,3,発表用スクリプトを完成させることができたので、本番までにリハーサルをしてスムーズに発表できるようにする
,,,2,,Q&A対応
,,,,2,ゆっくりとわかりやすく話し、決められた時間内でプレゼンを行うことができました
,,,3,2,ただ、まだ深堀できていない内容や、うまく回答ができなかった質問、等があったので、改善すべき点も多かったです
,,,4,,バディと振り返りをした際に、自分が周りからどう見られているのか、どう評価されているのかを知ることができてよかったです
,,,3,,本日の最終発表はこの研修で行った様々なプレゼンの中で一番良い出来だったと思う
,,,3,,最後に研修の成果を出せたので、良かった
,,,,5,この経験を今後の自分のキャリアに存分に活かしていきたい
,,,3,,英語での発表に自信を持つことができた
,,3,,2,最終発表では、スクリプトを読み上げずにオーディエンスとアイコンタクトをとりながら話すことができた
,,,,,疑問に思ったことをきっかけとして、自ら質問をすることでインドの生活習慣をより知ることができたと考える
,,,,,例えば、インドの食事の時間帯の違いについては、「なぜこの時間帯に人が多くいるのか？」と疑問をもったことをきっかけに、質問を通じてインドの食習慣を知ることができた
,,,,,異文化理解を深めるとともに、自分にとってのアクションプランである、①意識的に情報や知識の深さや幅を広める、②積極的に周囲とかかわるという点について、前進できたと感じる
,,,,,自分から積極的に質問をしたり行動したりすることが大事です
,,,,,コミュニケーションをとることで、様々な発見ができると思います
,,,,,また、それをチームメンバーに考えをシェアすることによって、一緒に議論したりするとより得るものが増えて、充実感を感じられます
,,,,,実際に街に出てインドの人々の生活を目にすることで、想像以上の発展を体感することができた一方、貧富の差の大きさの一片も目にすることなったと思う
,,,,,経験を積み上げて、より一層異文化理解を深めていきたい
,,,,,サイバーシティの中古車販売店、香水のお店等でどういう仕組みで商売をしているか聞いたり、どういう商品が人気か聞き、インドの文化を一つ知ることができた
,,,,,また、初日から気になったことを積極的に聞く姿勢を持つことができ、これをさらに続けていきたい
,,,,,グルガオン一か所だけで見ても、発展の度合いは画一的な言葉で言い表せないことが分かった
,,,,,Cyber HubやAmbience Mallなど、日本とほぼ同じ感覚で過ごせる場所がある一方で、貧富の差を露骨に感じさせるSector 14のような場所があった
,,,,,日本のような人々の生活水準がある程度以上で担保されている環境は世界でみれば特殊なのだ、ということを認識できた
,,,,,一部であるが、グルガオン周辺を自分の足で歩き自分で買い物をすることで現地の雰囲気、空気を感じることができた
,,,,,徐々にインド人の文化、習慣、考え方まで理解ようになりたい
,,,,,バディの力を借りる場面が多々あったものの、街頭インタビューという初めての機会をこなすことができた点は大きな自信につながったと感じている
,,,,,こうした自信が、将来的には新しいことへ挑戦するマインドや他者とかかわるモチベーションにつながると考える
,,,,,いままでは自分の力でやることを意識して行動をとりたいですが、バディに頼ってもいろいろ自分が知らいないやり方や気を付けるところもたくさんあることに気づきました
,,,,,今度、他人の力を借りることも大事にして行動をするようにします
,,,,,最初はField workにてbuddy頼みでの聞き込みとなってしまったが、後半は自分なりに人を判別して、聞き込みができたと思う
,,,,,次回以降も主体性をもって課題に取り組んでいきたいと思う
,,,,,積極的に声をかけることはできたが、アンケートの質問づくり、プレゼンテーションのまとめ方等で課題が多かった
,,,,,次回からは何を聞きたいか、何を主張したいかをまとめて話すことができるようにしたい
,,,,,街頭調査では事前に決めたアンケート内容以上のことを話すことができず、自分の語彙力や余裕のなさを痛感したが、逆に研修のモチベーションは高まったと感じている
,,,,,また、きちんとした原稿なしで英語プレゼンを進めることができたのは自分にとって収穫だった
,,,,,バディーに助けてもらう場面が多く、英語力そして行動力の点でもっと改善しなければいけないと感じた
,,,,,昨日よりもバディの助けを減らして、能動的に行動できたと考える
,,,,,能動的になるためには、自ら「どのように伝えるべきか、どんな情報を得るか」等を必死に考える必要があり、思考力も鍛えることができたと考える
,,,,,昨日までは結構バディに頼っていましたが、今日は昨日バディが教えてもらったことを自ら行動してみました
,,,,,自分で行動することによってより達成感を感じられると思います
,,,,,インドで飛び込みで訪問をするのは正直できるのか、とても不安であったが、結果としてバディの力も得て、いくつかできることができたのはよかったと思う
,,,,,（日本でやるかどうかは別として）インド人の温かさみたいなのも垣間見えて、総合的にみてもいい経験になったと思う
,,,,,多少でも自分の興味のあるビジネスの分野であれば英語さえ聞き取れれば議論できるとは感じた
,,,,,しかし、断られた時の粘り強さなどは自分に足りない部分だと感じた
,,,,,昨日のフィールドワークに比べ、インタビューの時間が長く、インドのビジネスパーソンと自分一人の力で話をできたのは英語能力の面で自信になった
,,,,,バディーの千里眼のおかげもあり、目標としていた2社の訪問に成功した
,,,,,この成功により、こちらの目的をしっかり伝えることで難しい要求にも相手に納得してもらえると成功体験を獲得できた
,,,,,プレゼンをする機会が増え、慣れてはきたものの、同時に自分にとっての課題も明らかになってきたと感じる
,,,,,例えば、プレゼンを構成することは比較的得意だが、表現し相手を説得するといううえで、スキルが足りないと感じている
,,,,,自分にとって自然に出てくるものではないものもあるので、意識して取り組むようにしたい
,,,,,自分の力だけでは足りないところもいっぱいあると思いますので、グループ員の力を合わせます
,,,,,特に仮設の段階では、技術系の同期にいろいろ助けてもらっています
,,,,,今後、自分がチームの力になれるように頑張ります
,,,,,実際にエネルギー事業に関するコンサルティング会社に対して訪問できたことで、インドにおけるエネルギービジネスの概要や特徴について理解を深めることができたと思う
,,,,,インド人とのコミュニケーションも少しづつ慣れてきたように思います
,,,,,相手の話が理解できた話では、気になったことを追加で聞くことができた
,,,,,しかし相変わらず聞き取れない部分が多い
,,,,,インド英語に慣れるしかない…？
,,,,,英語の授業での２回目のプレゼンでは上手い受講生のプレゼン方法を取り入れることで、単調でなく、聴衆にとって聞きやすいプレゼンテーションを実践できた
,,,,,自己主張のスキルを強化するため、この調子で自分に足りない部分は周囲から積極的に取り入れていきたい
,,,,,訪問した会社の人の英語を理解するのに苦労した
,,,,,次第に慣れていったが、この先の３週間でフィールドワークができるのか大いに不安になった
,,,,,メンバーで様々なアイディアを出し合ったため、議論が行き詰る場面も多々あったが、お互いが納得するまで議論するという姿勢を実践できたことはMy goal setting における課題の克服につながったと考える
,,,,,いろいろと問題意識をもって、問題を探ってみると、意外の発見があるので、今後も積極的に会話して、情報を集めて、インドに適切な仮説が立てるように建築したいと考える
,,,,,本日もField Workで街頭調査みたいなことをしたが、前回よりもうまくできたと思う
,,,,,外国人から話しかけられのはインド人にとっても多少不安な部分があると思うので、笑顔であったりジェスチャーであったりを使ってNon verbalなコミュニケーションが重要であると再認識した
,,,,,今後も言語に限らない部分も意識して行動に移していきたいと思う
,,,,, 
,,,,,ディベート、仮説検証で自分が思っているアイデアを伝えられないもどかしさを強く感じた
,,,,,しかし、言い続ける粘り強さだけは少しづつついてきたため、今後もトライを続けて、少しづつ表現力を増していきたい
,,,,,ディベートで自分の見解と逆のグループで意見を言うことになったが、割切りが足りず言葉に詰まる場面が多かった
,,,,,日常生活ではなかなか経験しない、より自己主張がしづらい状況になるので、積極性をより重視したいと感じた
,,,,,自分の持つ意見と異なる意見が出た際、あきらめずに議論することができたと思う
,,,,,これを継続していきたい
,,,,,事前に明確な課題設定ができなかったことが、本日の最大の反省点である
,,,,,課題を与えられるのを待つのではなく、自ら問題提起していくことを今後のウィークポンととして認識し研修に取り組みたい
,,,,,本日はなかなか目的意識をもって行動することができなかったと思います
,,,,,事前情報が少ないのが一面でもあり、ちゃんと「これ」を情報収集していきたいというものがあったらもっと達成感を感じると思います
,,,,,本日は学生訪問ということで、自分の調べようとするテーマに限らず、ざっくばらんに現地の学生の意見を聞くことができて、異文化理解という部分では進んだと思う
,,,,,ただ積極性という部分では課題が残ると思うので、明日以降意識して取り組んでいきたいと思う
,,,,,英語のレッスンでは自分がこれまで避け続けてきたrとlの発音の練習ができてよかった
,,,,,持ち帰ってしっかり練習したい
,,,,,午後の学生とのディスカッションでは学生と何をディスカッションすべきか整理ができておらず有意義な時間の使い方ができなかった
,,,,,目的設定がいまだに課題
,,,,,インドでの就職においてMBAが持つ意味は日本よりもはるかに大きく、学生にとって大きなモチベーションになっていることを知ったことは、異文化理解や日本を俯瞰的に見るにあたり大きなことだった
,,,,,インドの教育事情に影響を与えている点であり、日本の国際競争力低下の大きな要因になっているのではないかと思う
,,,,,英語ディスカッションで自らのスピーチの悪い点を先生が指摘してくれるため次に生かすことができる
,,,,,改善のためのtipsも教えてくれるため、それを忠実に実践したい
,,,,,（Free speechを部屋でする、発音練習をする等）
,,,,,異なる政治、経済、文化的な状況を事前に理解していないと、その場で得た情報の因果関係や必然性まで理解することは難しいと実感
,,,,,特に自国とは異なる政治体制、社会状況の国においては、ビジネスチャンスを探る前に、そうした基本知識が重要ではないかと考える
,,,,,本日は政府系のエネルギー機構に訪問し、有益な情報が得たことでよかったと思います
,,,,,今後はもっと話の正確性を念頭において話を深堀したいと考えます
,,,,,本日の企業訪問でインドにおけるソーラービジネスの展望であったり、いかに普及しているかについて、理解が深まり、Renewable energy の可能性の大きさを感じる一日であったと思う
,,,,,実際にインドにカンボジアであったり、ナイジェリアであったりといった国からトレーニングを受けに来る人々がいるということは、インドのソーラービジネスはそれなりの進捗を見せているんだと思った
,,,,,また、一部であるが日本の会社ともコラボレーションであったり技術協力を受けていることも本日のフィールドワークで分かった
,,,,,仮説検証においては、チームとして今日の目標であった検証する仮設の設定、スケジュール作成をすることができた
,,,,,しかし、企業訪問では自分のききたいことをすべて聞けたわけではなく、自分の質問に今後はもっとこだわりたい
,,,,,インドでの太陽光発電の勢いや取り組み状況が日本のそれとあまりにかけ離れていることに衝撃を受けた
,,,,,インドでは平坦で広大な土地が多く、また太陽光の強度も強いことが、盛況ぶりにつながっているのだろう
,,,,,他国でビジネスを考える上で、その国の環境について理解することの重要性を体感した
,,,,,仮説検証のテーマのが決定した
,,,,,来週の中間発表に間に合うようピッチを上げていきたい
,,,,,仮説検証に率先して取り組めただけではなく、事前準備の段階で効率性や有効性を追求できた点は特に成長につながった経験だった
,,,,,これから仮説検証のクオリティをあげていくうえで、常に目的意識をもつだけでなく、より効率的に最短にゴールを目指すことを心掛けたい
,,,,,午前中にアポを取ることで苦労しましたが、諦めずに別のアプローチをして企業訪問ができました
,,,,,充実した感じをした一方でビジネスをする醍醐味を改めて感じました
,,,,,本日は病院に行っていたので、あまりグループ活動にコミットすることができなかったが、その中でもグループとして企業にアポ取りであったり、実際に訪問することができたのはよかったと思う
,,,,,日本的にはアポを取ってから訪問というのが自然だと思うが、インドでは直接訪問も有効であったりとやはり商習慣は異なる印象を受けた
,,,,,Indian oilに電話をしたが、取り合ってもらえなかった
,,,,,自分の声の大きさ等反省すべき点が大きかった
,,,,,次回電話する際は焦らずにゆっくり大きく聞こえるよう話をしたい
,,,,,会社訪問のアポイントを取るにあたり、電話をしたが電話に誰も出ない、出てもまともに相手をしてもらえないことに衝撃を受けた
,,,,,ただ、忙しい業務時間帯に何の脈絡もない外線に対応しないのは、当たり前かもしれない
,,,,,自分が日本のサービス文化に慣れすぎていると実感した
,,,,,5分間のプレゼンの中で自分でたてた目標（質問をなげかける）を達成できた
,,,,,この調子で人前で英語でプレゼンすることに慣れていきたい
,,,,,自分たちの仮説検証の過程で実施している内容を現地法人の方にお話しした際に、自分たちの仕事に非常に近いといわれたことが印象的であった
,,,,,海外でビジネスを作る過程を学んでいることを実感できた
,,,,,この後の研修でも積極性だけは失わないよう進めていきたい
,,,,,NOTIの方との懇親会で英語を話す際の悩みについて相談してみたところ、英語を使って仕事をしている方でも、英語を頭の中で考えるのに時間がかかっているとのことだった
,,,,,タイムラグが生じることがもどかしくコンプレックスだったが、外国人とのコミュニケーションにおいてそこは大きな問題ではないと知り、少し気が楽になった
,,,,,現地法人の訪問をした
,,,,,事業内容は潤滑油で我々のFWテーマとは異なるが、日本企業がインドのマーケットに参入するうえでの困難な点等をご教示いただき非常に勉強になった
,,,,,先方にも助けられ、仮説検証に必要な多くのデータを収集することができた
,,,,,積極的に質問できただけではなく、その場で知ったことについても、タイムレスにレスポンスできた点は、この2週間の成果だと感じる
,,,,,体調管理の重要さを改めました
,,,,,来週からはしっかり体調管理をして課題に注力したいと思う
,,,,, 
,,,,,実際に現地のゴミ集積場に行ったのは非常にエキサイティングな経験だった
,,,,,現地では人がゴミ山の周りに住んでいて、ハエも大量にわいていて、とても人が暮らせる環境ではなかった
,,,,,しかしながら現地で住むひとはいて、インドにおける生活の厳しさというものを肌で感じたと思う
,,,,,企業訪問ではかなり周りの力に頼っている面は強いが、いくつか質問をして情報を得ることはできた
,,,,,次回はより積極的に話をできるようにしたい
,,,,,インドのごみ捨て場を見学に行ったが、悪臭が漂い、大量のハエが飛び交い、ネズミが這い回る劣悪な環境、そしてそんな中で生活し日銭を稼ぐためにごみを売る人たちがいることを目の当たりにした
,,,,,インターネットだけでは分からないインドの貧富格差や環境に関する生の情報を知ることができ、非常によい経験になった
,,,,,街頭調査も4回目となると、かなりコツをつかんできた
,,,,,特にインド（異文化）で効率よく知りたい情報を得るためのテクニックであったり、姿勢であったりというところが身についてきたと感じる
,,,,,慣れてきたことによって、余裕もでてきたため、同時にさまざまなアイディアやこれまで気づかなかった疑問点なども思いつくようになった
,,,,,慣れてきたという現状に甘んじず、次々とチャレンジしていきたい
,,,,,まとめた情報を整理することの大変さが感じました
,,,,,効率を意識して今後行動の改善につながりたいと思います
,,,,,ディベートではあまり自分の主張ができなかったので、次回以降はより主張することを意識して授業に取り組んでいきたいと思います
,,,,,仮説の検証においては、チームとして中間報告に向けて、方向性がある程度見えてきたので明日以上は作業に注力していきたいと思う
,,,,, 
,,,,,英語のプレゼンでは大事な言葉をゆっくり強調して話をするなど抑揚をつけて話をすることができた
,,,,,バディともインドの決済について詳しく話を聞くことができ、有用な情報収集ができた
,,,,,完璧に話せなくても話をし続ける姿勢がつきつつあるので続けていきたい
,,,,,中間報告に向けて発表のプロットを作成し、必要な情報を絞って収集しているつもりだったが、いざ発表用にまとめてみると情報の不足や論拠として弱い部分が出てきた
,,,,,明確な目標設定とチーム内での共有が不十分であり、同じ会社とはいえ異なるバックグラウンドや専門をもつメンバーと協働する難しさを実感した
,,,,,今日はさらなるアンケートをするためにフィールドワークに行ったが、石油会社の人にたまたまあたり、様々なアドバイス・意見をいただくことができた
,,,,,アンケートは有効な一次情報を得るためという認識だったが、我々の仮説テーマをよりよくするのに役に立つのだと気が付きました
,,,,,仮説に対して大きな自信を得られた点が、本日の大きな成果である
,,,,,この2週間の研修を通して、情報収集から論理構築力まで多岐に鍛えられていると改めて感じた
,,,,,本日はビジネスパーソンと話すことによって、目的意識をもっと気を配ったほうが良いと気づきました
,,,,,特に今後政府系に訪問する予定ですので、粘り強く聞きたい情報を聞き出すことに注力したいと思います
,,,,,ビジネスパーソンとのディスカッションでは、仮説検証に必要そうなコネクションであったり情報を頂けそうなので、やはりコネクションであったりというのは活動を進めるうえで有益であると感じた
,,,,,ビジネスパーソンディスカッションの中でチームとして情報を取る際に、自分から多く質問をすることができた
,,,,,聞き取りにまだ難があるため、何度でも聞き直す粘り強い姿勢を持っていきたい
,,,,,「石油精製業は衰退産業」という日本ベースの観念が染みついてしまっていたが、Indian Oil OBの方の話は全く逆で、まだまだビジネスチャンスがあるという内容だった
,,,,,当たり前だが、国が変われば事業環境も全く違う
,,,,,そのことを忘れず、自分の中の固定観念に縛られないように気を付けなければならないと再認識した
,,,,,インド国営石油会社の人に我々の仮説について話をした
,,,,,ビジネススキームの場面で、受け入れられないのではと思ったが、好反応で驚いた
,,,,,このビジネスについてインドで話ができる人はいないか、とまで聞いてきたので、自信を持つことができた
,,,,,仮説検証において説明が部分的になっていたことによって、誤解を招いたり、多くの疑念・混乱を生じさせてしまった部分があるように思う
,,,,,誰かに提案したり、多くの情報を必要としたりするようなプレゼンではstructreと表現の両方が重要だと実感した
,,,,,本日は中間発表です
,,,,,２週間の成果は見せたと思います
,,,,,また、皆さんから貴重がアドバイスが得られて非常にありがたいと思います
,,,,,最後の目標はハイコリティのビジネスプランになるように頑張りたいと思います
,,,,,英語の授業ではグローバルマーケットでは根拠のない自信が必要との話があって、それこそが日本人が欠けているものであると感じた
,,,,,周りの目であったり、雰囲気というものは極力意識しないように生活していきたい
,,,,,英語のプレゼンでは焦らず強調するところはゆっくり話をすることができたと感じている
,,,,,次回はもう一つ上を狙って流暢さ、ジェスチャーを意識していきたい
,,,,,英語の授業で先生から「国際社会ではいかなる場面でも自信を持っているように振る舞う姿勢が重要」という指摘があった
,,,,,石橋を叩いて渡る性格すぎて、普段、万全の状態でないと自信を持って振る舞えないのだが、確かに自信なさげに振る舞うことで損することも多いと思うので、もう少し自分を肯定することも必要だなと感じた
,,,,,建設的な意見を沢山いただいた
,,,,,石油ビジネスについてはインド人バディーよりもちろん詳しいが、インドのマーケットに参入するにあたり、インド特有のマーケットや習慣、状況については知らない部分が多い
,,,,,それらについて、多くの情報やフィードバックをインド人からいただけた
,,,,,明日からのFWに生かしたい
,,,,,これまで仮説検証に取り組んできたが、実際に複数のSSに足を運び、現場を見て、現場の責任者と話してみると、想像やこれまで有識者から聞いた話とは違うことが起きているという事実を実感
,,,,,よくある話ではあるが、こうした気づきをどこまで活かせるかが、仮説検証の実効性に大きくかかわってくると思う
,,,,,特に文化や社会経済的な背景が全く異なる環境下では、手間に思えても、こうした地道な調査は欠かせないと感じた
,,,,,本日はアポ取れなかった会社に直接に行くことになりました
,,,,,意外な展開になっており、明日の企業訪問にも繋ぎたとのことで充実な一日になりました
,,,,,明日は英語レッスンの最終日でもあり、しっかりとプレゼンをしたいと思います
,,,,,今日はアポを個人でとることができたが、なかなか欲しい情報が得られず残念だった
,,,,,ただ突然の訪問でもアポを取ることができたりと、改めて商慣習の違いを感じる一日だった
,,,,,今日の情報収集は今までの話を聞くとは違って時間を測る、顧客を観察するというもので、観察時にどういう点に着目してみるかなどまた違う工夫が必要であった
,,,,,このような情報収集から得られるものも多いため、より観察スキルを磨いて次回に臨みたい
,,,,,今日の企業訪問で当社の具体的な事業規模について聞かれた際、満足な回答ができなかった
,,,,,社会人として非常に恥ずかしいことだと感じた
,,,,,異文化や他企業について理解しようとする前に、自分達が何者なのかをきっちり理解し説明できるようにする姿勢を忘れてはいけないと気付かされた
,,,,,2つのSSを見学させてもらい給油の様子を伺い、何となく問題点が見えてきた
,,,,,明日からの仮説検証に生かしたい
,,,,,プレゼン後から今日にかけて、自分の視野がより広がっているように感じた
,,,,,これまで仮説検証に集中するあまり、周辺の情報や環境に視点を向けていなかったが、もっと大きなcontextで情報を位置付けることの重要性を学び、今日の企業訪問においても、これまで得た付随する情報を思い起こしながら、関連させて理解するよう心掛けることができた
,,,,,本日の企業訪問で相手の方に龍角散をあげることで効果がよかったことに気づきました
,,,,,ビジネスでの接し方を改めました
,,,,,本日は集中力に欠けてしまったが、情報整理に必要な会社の訪問もでき、かつ来週以降の企業の訪問先もある程度目途が立ったので、有意義な一日であったと思う
,,,,,自己紹介、会社紹介、ミーティングの目的を話したが、自分の名前を最初に言わないなど、あまりいい頭出しにはできなかった
,,,,,これは経験して上手になっていきたい
,,,,,企業訪問後の車内でバディと日印関係や政治の話をたくさんした
,,,,,インドの政治状況について現地の人がどう捉えているのかを知ることができ非常に良い機会だったが、反面、日本やインドの政治について普段自分があまり深く意識していないことを感じさせられた
,,,,,国際社会で活動する上では自分の国の状況についてもう少ししっかり把握しておく必要があると思い知らされた
,,,,,英語クラスのプレゼンで聞き手と一緒に議論をするようなプレゼンができ満足した
,,,,,ただ、やはり本番になると言いたかったことが抜けるため、プレゼンの前にはできるだけ多くの練習はしてから望むようにしたい
,,,,,（仮説検証の最終発表時には最低でも１０回は練習したい
,,,,,）
,,,,,様々な企業、立場の方と話すことで、視野がどんどん広がっていくことを実感した
,,,,,実証可能性を検証するうえで、オープンに意見を求めていきたい
,,,,,本日はフィルドワークをせずに、情報整理というタスクにしました
,,,,,整理すると共に、課題もあったのでじっくり時間をかけてやる必要があると感じています
,,,,,これから後数日しかないので、頑張りたいと思います
,,,,,本日は特に外出せず、今後のアポイントであったり、パワポの流れをグループで再確認した
,,,,,ただ一部しょうがない部分もあったかと思うが、バディをうまく使いながら作業ができなかった点は反省点であると思う
,,,,,明日以降はできる限り必要な情報はバディにも伝えていき、チームとして機能できればよいと思う
,,,,,情報を取りつつ、チーム内で議論をして仮説を洗練することができていると感じている
,,,,,インドでの情報収集（話を聞く、ネット調査）に関しては少しづつスキルが上がっているので、できるだけ情報を取っていきたい
,,,,,これまで担当者が日本人だったり、直接の訪問を介しての紹介だったりと自分の力では正規のルートでアポイントを取っていなかったが、今日初めて電話でアポイントを取ることができた
,,,,,お世辞にも上手い英語とは言えなかったが、相手から必要な情報を取ることができたので、自信になった
,,,,,勿論きれいな英語を使えるに越したことはないが、意思疎通において目的意識と意思をしっかり持てばなんとかなることもあるのだと感じた
,,,,,SS訪問に行きSSマネージャーに話を聞くたびに新たな発見がある
,,,,,すでにIndian OilとBharat Petroleumを訪問していたためもう十分と思っていたが、本日訪問して建設的なフィードバックが得られた
,,,,,月並みな感想だが、現場を知ることは大事だと思った
,,,,,これまで企業訪問した中で、もっともnegativeなattitudeで進んだため、説明するうえで一層の難しさを感じた
,,,,,ただ、そこに食いついていくことはできたと思うし、偶然得た他社情報をうまく活用する方向につなげることもできたことに、自分のバイタリティの上昇を感じた
,,,,,本日は日系企業の訪問ということで、仮説検証に役に立つ情報をより多く得られたと思う
,,,,,それと同時に現地でビジネスを行っている日本人が感じているインドにおけるビジネスの難しさなども詳細に話していただき、理解が進んだと思う
,,,,,日立造船インディアの堀内社長から直接お話を伺うことができ、ごみ処理関連ビジネスをインドで進める上で文化的な違いに起因する難しさがあることを知った
,,,,,例えば、インドの人々は街中にごみが溢れていることに関して日本の人々ほど危機感を覚えていないため、焼却するという考え方自体がなかなか浸透しないとのことであった
,,,,,社長のこれまでの経験を踏まえた考えを伺うことができ、インドの文化や人々を理解するのに非常に有意義な機会だった
,,,,,急遽BPのretail部門の方に会えることとなった
,,,,,meeting時間は短かったが、聞きたいことは概ね聞けたため、訪問してよかった
,,,,,体調がすぐれなかったため、正直あまり積極的には取り組めなかった
,,,,,活動内容もPPT作成に集中しつつあり、これまでの情報をもとに効率的に準備を進めたい
,,,,,最大の課題はバディとどう協働していくかにあると感じる
,,,,,アルーの方が仰っていたとおり、仮に海外事業所で働くことになると、ローカルスタッフと一緒に仕事をしていく必要があるので、これを機に協働の仕方を学んでいきたい
,,,,,本日は主に資料作りです
,,,,,本社の担当者と連絡が取れたことがよかったです
,,,,,仮説を建てるのが難しくないかもしれないですが、如何に正確な情報を手にはいることが難しく感じております
,,,,,本日はパワポの作成に時間を割くことになったが、進捗としては目標の７割くらいだったと思う
,,,,,ただバディの使い方であったりといった部分に関して、まだまだうまくできなかったので、明日以降はバディをうまく使って情報を得られるようにしていければいいなと感じた
,,,,,今日はバディとの共同作業をオーガナイズするという部分が課題であったと感じている
,,,,,調べてもらいたい内容をバディに説明して、共同で作業できたが、もう少し目的まで共有して話したほうがよかった
,,,,,バディに対して調査依頼をしアウトプットをもらう際、仕事をしてくれたことに対して「Thank you」と言ったところ、「内容を見てから言ってくれ」と言われたことが印象に残った
,,,,,以前、日本人は世界の人から見ると「ありがとう」「すみません」を連発しすぎであるという記事を読んだことがあるが、そのことを実感した
,,,,,日本人以外と仕事をするときに心に留めておく必要があると感じた
,,,,,今日はひたすらプレゼンの準備をする日となった
,,,,,調べければならない情報量が多いわりに一つ一つに時間をかけすぎてしまったため、明日からはバディーに協力してもらいながら効率よく情報収集したい
,,,,,基本的には作業に徹した一日だったため、なにか成長につながるような気付きはなかったように思う
,,,,,ただ、この数日間、バディとの協働を模索し続けた結果、これまで以上に効果的に協働できたように思う
,,,,,ただし、モチベートの方法などはまだ課題が残ると考える
,,,,,本日はインドに来てから一番充実した日と言っても過言ではありません
,,,,,自分の能動性を働かせ、聞きたい質問を全部聞くことができました
,,,,,また、今まで様々な企業訪問の際にお願いして来た現場の訪問も成功しました
,,,,,実際プラントを見るかどうかはかなり差が大きいと感じております
,,,,,無論、先方の会社からも厳しく訪問の結果を求められておりますが、一つのチャレンジとして答えるように頑張りたいと思います
,,,,,本日は企業訪問と現地のゴミ発電プラントに行った
,,,,,インドで初のゴミ発電プラントだとのことでしたが、工場の中にガーデニングがあったり、なるべく匂いが周囲に影響しないように処理していたりと、日本のゴミ処理場と変わらないような環境で非常に驚いた
,,,,,また、突然の訪問にも関わらず、企業訪問に限らず、工場見学ツアーみたいなことを行っていただいて、インドの人の温かさに感動した一日だった
,,,,,バディも含めたチームとしていかに効率よくリサーチ＆資料作成を進めるかについてはまだまだ改善の余地は大きいと感じた
,,,,,どこまで細かくやるのかという点も含めてチームでの共有がまだまだ必要と感じた
,,,,,企業訪問の場でビジネスパーソンと話すにあたり、先方が言っていることは理解できても、こちらから早く正確に伝えることができないもどかしさを感じた一日だった
,,,,,インドに来る前に比べ多少英会話能力が伸びたかもしれないが、「ビジネススキル」と呼べるレベルにするまでにはまだまだやらなければならないことが多いとこれまでの研修を振り返って感じた
,,,,,言語・文化が異なる人に何かをこちらの思惑通りにしてもらう難しさを感じた
,,,,,バディーたちからもらった情報が我々の期待するものとは違ったり、アウトプットの仕方が期待するものと異なった
,,,,,情報の質については、もともと依頼していたデータを得るのは難しいだろうと想定していたため構わないが、アウトプットはウェブサイトのリンクだけ送られるといったことになった
,,,,,日本人ならこうするだろうといった期待で細かい指示をしなかったことが原因だと思うのでしっかり伝えなければならないのだと思った
,,,,,プレゼンはまだまだ練習や経験が足りなかった
,,,,,わかりやすく、という点は心掛けたが、気持ちが急いて言い逃したり、適切ではない説明になってしまった箇所があったように思う
,,,,,ただ、こうして異文化のなかにおいて、聴衆を意識したプレゼンをする機会はこれまでなかなかなかったため、姿勢やテクニックなど多くのことを学ぶことができた
,,,,,本日は最終発表ということで、いままでの成果を報告した
,,,,,満足のいく成果かというとそうではなかったが、自分の弱みであったり・苦手な部分を痛感するには良い機会であったと思う
,,,,,日本に帰ってからも苦手な部分から目をつぶるのではなく、少しずつアプローチしていって克服できるよう努力していきたい
,,,,,最終報告では中間報告の時以上に質問に対して自分で答えることができていた
,,,,,プレゼンで一方的に話すことはできても、インタラクティブな英語質疑には苦手意識があったが、少しずつ改善している点はよかったと感じている
,,,,,この研修の集大成として最終プレゼン発表を行った
,,,,,リハーサルではバディーたちに改善点を指摘してもらいそれを生かすことができたと思う
,,,,,この研修で人前でプレゼンする機会を幾度となく与えられ、プレゼンに苦手意識があったが、多少和らげることができた
,,,,,場数を踏むことが重要だと思うので帰国しても実践したい
,,,,,意識することで思いの外早く耳がインド英語に慣れてきたように感じる
,,,,,異文化理解：インド人は話をさえぎってでも自分の意見を主張しようとするといわれているが、競争が激しく自己の存在をアピールしないといけないなどの文化的背景があることがあるということ
,,,,,インド人のナチュラルな英語に触れ、思いの外耳が慣れてきた
,,,,,明日以降の議論の場でも引き続き馴らしていきたい
,,,,, 
,,,,,異文化理解：サリタさんの講義や現地の学生との交流で、結婚式での風習やカースト制度、最近の都市に住むインド人の考え方等を学び、日本との違いや日本で思っていたインド人のイメージとは異なり意外と近いところもあると感じた
,,,,, 英語への苦手意識の減少：実際に英語しか話せない人とコミュニケーションをとり、聞き取れない・話しきれないことも多かったが、会話が止まる瞬間はそう多くはなく、想定よりは英語でコミュニケーションがとれることを感じた
,,,,,街頭インタビュー初めての経験で気づきも多かった
,,,,,より効果的なアウトプットを得られるように、次回に向けて治せる点は改善していきたい
,,,,,英語への苦手意識の減少：今回はバディーの協力が非常に大きかったが、英語への苦手意識のある中で多くの人にアプローチ、アンケートを取ることができた
,,,,,自分の英語が理解されない＆相手の英語が聞き取れないことも多かったのでうまく話せるよう努力していきたい
,,,,,企業訪問では一応のインタビューはできたが、十分な相互理解およびトピックスの深堀という点では課題が残った
,,,,,仮説検証に係るインタビューでは曖昧さを減らせるように努めたい
,,,,,自己理解：午前の発表は充実しており、良い上司になるための条件や発表時の自分の癖など改善すべき課題を認識することができた
,,,,, goal setting：午後のNISESでの話は理解が追い付かないことが多く、話の内容の確認などインタラクティブにできるようにしたい
,,,,,アポイントメントを得るためのメール送信は行ったが、電話はバディに依頼する形となった
,,,,,互いの強みを利用するのは望まれるが、自らのできる範囲はできる限り拡げでいきたい
,,,,,インドビジネス習慣への理解：バディが公官庁に抵抗なく何度も電話をかけており、また、メールをCRRIに送ったところすぐにリプライがありアポが取れるなど、インドでは公官庁といえども積極的にコンタクトのトライをしてよく、また成果がでることを学んだ
,,,,,また、アポが取れたことは今後の自信につながると感じる
,,,,,当社現地企業訪問は、当社所属としての海外での働き方について感じられる有意義な機会となった
,,,,,グローバル人材としてのスキルアップを図る一方で、自分自身がどのような働き方を求めるのか、研修期間中を通して意識していきたい
,,,,,現地駐在員との意見交換の中で現地の慣習や日本との違いなどを分かりやすく説明いただき、現地日本人コミュニティの協力を得ることの重要性を感じた
,,,,,街頭インタビューで企業訪問まで達成できたのは一つの成功体験となった
,,,,,一方で、未達となったケースについて十分考察し、次に生かす必要性を感じた
,,,,,自己成長：ミッションワークの中でオフィス打診の前のスモールトークとして前回のミッションワークでも行ったインドの慣習のアンケート等を行ったが、前回よりも多くの割合で英語の質問を理解してもらえた
,,,,,また、声掛けを重ねることで、声掛けに対する心理的抵抗はかなり減ったように感じる
,,,,,ファーストアポイントメントとしては十分な情報収集が行えた
,,,,,今後はクリティカルなインド企業、組織に直接アポイントメントをとって有益な一次情報を得たい
,,,,,NEXCO東日本のインド支社に訪問し、非常に多くの有意義な情報を得ることができた
,,,,,また、1回だけではあるが、何とか英語で電話のアポとりのトライをすることができた
,,,,,まだ英語の電話にはハードルを感じるが、明日以降少しずつ解消していきたい
,,,,,NISE訪問の際に比べ、インドビジネスへの理解が深まったことが幸いし、より踏み込んだ議論ができたように思う
,,,,,成長が感じられた
,,,,,仮説検証の観点においても、少しづつ核心的な情報、事実に近づいていることが感じられる
,,,,,勢いを加速していきたい
,,,,,自己成長：ミーティングの冒頭に英語で会社説明等を行ったが、前回よりも比較的スムーズに説明できたように感じる
,,,,,また、bituminous mixについてより突っ込んだディスカッションができたこともよかった
,,,,,一方で、相変わらず相手の英語はよく聞き取れないのが課題である
,,,,,会社アポについて、電話をかける抵抗感はなくなった点は前進
,,,,,現地日系企業の話を複数ヒアリングし、インドでの事業参入の難しさやその特殊性を十分に学べた点も大きい
,,,,,仮説検証をより具体的なものとして捉えられるようになってきたという意味でも進歩が感じられ、事業立案に向けて着実に歩みを進められている実感がある
,,,,,自己理解：新しいバディに対して仮説の説明をしたり、調べ物をしてもらったりしたが、お互い理解や作業がうまくはかどったようには感じなかった
,,,,,バディにいかにうまく協力してもらうか、もしくはいかに使うか、という点で課題を感じた
,,,,,政府系インド人訪問においても、一定のディスカッションができたのは十分な成果
,,,,,ただし、まだバディや院卒のヘルプを借りる点が多いため、次回以降より集中して得るものを増やしたい
,,,,,政府系の研究機関を訪問したが、英語の聞き取りにハードルがありいまいち議論に参加できなかった
,,,,,もうすこし議論に参加できることを目指すというモチベーションにはなった
,,,,, 同じ研究者同士であったためか一番偉い人以外は想定よりも友好的に応じてもらえたのは良い経験になった
,,,,,ビジネスパーソンディスカッションにおいて、より正確な会話表現を試みたが、結果としてあまり改善が得られなかった
,,,,,場を選ばずに、一つ一つの表現を気に掛けることで、すこしづつ改善を図りたい
,,,,,自分の英語力への理解：少人数で、単語に区切って非常にゆっくり話してもらえれば、ビジネスの議論でもほぼ内容が理解できることが分かった
,,,,, バディの扱い方については少し方向性が見えたのでいろいろトライしてみたい
,,,,,中間プレゼンはそれなりに想定通りの出来となった
,,,,,同時に、バディとの関係性構築も捗り、タスクワークも感度が掴めてきたので、引き続きImprovementを図りたい
,,,,,タスクをバディに投げる回数が増え、少しざっくりしたタスクをバディに投げたところ想像以上に良いリターンが返ってくるなど、バディの使い方が少しずつ見え始めている
,,,,,部下の扱い方にも通ずるものであるため、経験を積んでより良いものにしていきたい
,,,,,アポイントメント取りや議論での発言など、できることは少しづつ増えているように感じる
,,,,,残りの日々の密度を増しつつTODOを進めていく
,,,,,午前のビジネスディスカッションや、午後のTinnaとのミーティングにおいて、聞き返したりしながら理解・質問ができる領域が増え、少しずつ英語での会議に慣れてきているように感じる
,,,,, バディに対しても、バディのキャラもあるが、調査を頼んで結果が求めているものと異なっていた時にnoといってまた探してもらうやりとりを通してやりたい調査の求めるレベルを理解してもらいつつあるように感じる
,,,,,仮説変更方針についてバディと議論ができたのはよい経験
,,,,,彼らの提案を踏まえて、合理的な方針をとるべく議論を帰結できたのは有意義であった
,,,,,street survey、電話でのアポイントメントどり、バディへのタスク割り、課題があった各分野について積極的に改善が見られた
,,,,,引き続き進歩していきたい
,,,,,本日のfield surveyにおいて、街行く人に質問するときにほとんど心理的障壁を感じなくなっており、初めてのfield surveyと比べて大きな成長と感じている
,,,,, 調査の進め方でバディからfeedbackをもらったり、パワポの作成をバディに依頼して成果物に対してfeedbackするなど、お互いにfeedbackしながらすすめることができてきているように感じるので、このまますすめていきたい
,,,,,バディとの意識共有についてフォーカスした一日であった
,,,,,日々少しづつ、チーム一体化の意識が形成されつつあるように感じる
,,,,,残りの日々も協力してひとつのゴールに向かいたい
,,,,,IRCとの会議を経て、伝えきれない・聞き取れないことはまだ多々あるが、英語での会議に少しずつ慣れてきているように感じる
,,,,, バディにも会議で質問をしてもらったり、スライドづくりでフィードバックが増えるなどチームとして行動できるようになってきていると感じるが、タスクの投げ方にまだ課題があると感じるのでインド風に改善していきたい
,,,,,当日のアポ決定で少しプランが変更となったが、バディのタスク管理は一喜一憂といったところ
,,,,,日々タスクを順調にこなしてもらえている分は問題ないが、主体的な提案まではもう一歩
,,,,,残りの日々の課題としたい
,,,,,本日は少し調査や計算が必要な難しいタスクを少し長めの時間を設けてバディに投げて任せたところ、試行錯誤しながらできるところまでやり、わからないところを明確にしてバックしてもらうことができた
,,,,,タスクの投げ方としては良かったと感じており明日明後日も同様なやり方を続けていきたい
,,,,,バディとの関係においては、一定の相互理解が得られた（特に主体性に関して）
,,,,,最終日は午前のアポ一件とバディからのfeedbackを以てバディとの関係性に一定の結論を得た上で、午後の最終プレゼンに臨みたい
,,,,,これまでインドの様々な企業や機関に訪問し、業界の全体像や市場参入するときに取るべき戦略などがかなり見えてきており、海外で新しい事業を始めるうえで必要な手法に関する経験を短期間で詰めていると感じている
,,,,, また、バディについてもタスクを投げるだけでなく方針や中身を共有しながらすすめられており、仮に自分たちが発表当日に休んだとしても代わりに発表してもらえるほど理解をしてもらっていると感じており、一つのマネジメントとしてよい経験になっている
